src	count	type	dst	words
q'	0	replace	qʼ	
k'	0	replace	kʼ	
c'	0	replace	cʼ	
t'	0	replace	tʼ	
č'	0	replace	t͡ʃʼ	
p'	0	replace	pʼ	
A	22	replace	a	Abdulla A Allaχ, Azerbajǯana Azerbajǯan, Awalais Azerbajǯana, Allahara Awalaj Abdullara A? Allahad Awalajdɨ Abdullas
B	2	replace	b	Babaj
D	3	replace	d	Darsbɨr Daɣistande Daʁɨstandɨ
E	2	replace	e	Edemiela Eto
H	17	replace	h	Haj, Hawalaj Ha Habiše Hej Haila Hada Hej, Hanuwa Haj Hajeʔdɨ
I	9	replace	i	I Iχdɨ Iχdɨletbɨr Iitxujne Idɨlʲ-adxa, Ilad Ibram
J	3	replace	j	Jena Jes Jiz
K	10	replace	k	Kusuraʔa Kašir K'ɨb Kurban-bajram Kusura
L	1	replace	l	Liwir
M	22	replace	m	Mirzaχaɨs, Mi Mɨˤχadila Minowa Musurman Mid Maˁhaˁmaˁd Mirzaχan Mibɨr Mixdaba Magaldɨ Mɨˤχa Mɨˤχaa Mɨˤχabišdɨ Miχri ɢM Minow
N	8	replace	n	Nowgorodde Nikolajdɨ Nizir-baba, Nikolaj Nikalaj Nik'alaj
O	1	replace	o	Oktjabrь
P	1	replace	p	Pejʁambar
R	43	replace	ʁ	xeR\i-lera Reč'ur geRira\?g ma|Rʷ, eRidxur Raguga Ramazan jaRmiškilšimb\i-r jaRmišdaʔara Rargʷar\i-ma geRerč'us qudRuga Ramazana RurRa hemiRiRad\i-jex\i-r Ra [R Ra\?g geRilera im[R]
С	1	replace	s	Сetχɨr=xwa
S	13	replace	s	Sada Siftäd Stroitelnɨj Sa Su Saq'ɨˤne Siftä Sawaχtindi Sɨwɨmɨlaχud Salman
T	2	replace	t	Tɨ Ti
U	6	replace	u	Ustala? dUtmiš Ušla Uraza-bajram, Uslowno
V	1	replace	v	Vilikiy
W	5	replace	w	We uxurxWa Wali-baba Waʔ. Wad
ǯ	368	replace	d͡ʒ	ǯigɨj ǯiwɨlcadijden juǯur ǯis iǯlasde ǯɨhil ǯɨžɨtʼi dajjanaǯaɣ ǯamaˤʔatis ǯaˤmaaˤtikʷan ǯihileše juǯurna qapǯej, ǯudɨ juǯ... jüǯür ǯudubɨr. ülǯümed ǯula ǯac'ad ǯɨʔɨtʼi ǯišira juǯ ǯazɨ ǯigijadɨbɨr ǯuu, beǯed ǯalgɨr, iǯilas xaǯaladxa ǯukan, ǯilǯilim, riǯi ǯigij, guǯe-guǯ saǯirkar ǯɨgad, giǯiq'ɨd ǯigɨj: ǯibra ǯamaʔadid q'eqǯikɨr ǯɨwɨra ǯukʷan a|ǯizd\i- ǯigabɨr ǯamaat kiǯikad ǯixil ǯamaˤʔatid ǯibra... guǯa-guǯ üǯ ǯus χuǯutkur ǯükla uǯar ǯilis, jiǯdɨ ǯukan juǯudɨ [ǯi...] [ǯudɨ] ǯiwɨraxa beǯ ǯu ǯendida uǯuʁdɨ ǯamaʔatis ǯɨwɨr. giǯirxɨne jüǯ ǯan ʁɨˁrǯ ǯuldɨkaldɨbɨr ǯibraqud maǯlis ǯudu eǯwixɨra ǯüda χuǯudkur ǯibraa ǯihiler χakǯaq'ɨrijden ǯiga iǯilasda ǯaˤmaaˤt ʁaǯagujne. giǯirxara, jiǯ ǯaˤmaaˤtid sičuǯun hajǯan ǯuduxa ǯagʷardɨ ǯike ǯuʔu ǯins ǯaˤmaaˤtira ǯuldɨ guǯekan haǯi ǯuu riǯ ǯič'edira ǯuda ǯišir ǯi gezilbenǯir ǯiršir meneǯir gʲaǯarhɨr geʁǯedqud qiǯirq'ɨr ǯubed ǯiddɨ iǯlas ǯigij mičǯigɨjekla ǯamaˤʔatira Azerbajǯan, ǯac'adilaquʔ ǯesuqwaj, ǯuʁuˁra maǯbɨr ǯinad juǯ, ǯa ǯigɨj, ǯudu. ǯugʷalbɨr ǯac'abiše ǯusu ǯinaše keǯibra jjuǯ azerbajǯan ǯʷer beǯna ǯuχda ǯip kiǯikad, ǯɨgɨj, ǯamattira ǯanaj Azerbajǯana, ǯihil ǯibrädɨ wiǯ ǯamaʔad ǯigɨj. ǯʷerxʷa ǯigɨ ǯehilešdɨ, ǯura haǯargʷad, ǯin ǯud\i- Azerbajǯana giǯirxara ǯamaˁʔatijera kiǯɨxɨˁd usturuǯwali ǯipkal ǯuhüra uǯaʁ ǯɨwɨr риǯ ǯar mɨrǯi ǯijnašdɨ toǯe ǯuˤura ǯɨɨr ǯüduχud ǯilɨs, ǯidɨ ǯišijne juǯxa xibarǯiken ǯurad giǯ.
G	17	replace	ɢ	GačaX Guruwuruurij Gaq' Gačax G\i-r\i-c' Gačaxwald\i- Gala gʲaGa Garijera Gruzinara gʲaG\i-r GačaXad gʲaraG
γ	4	replace	ɣ	wɨγliraxa wɨγlira wɨγlešis wɨγɨl
ö	5	replace	ø	kulönka wsö kulönkaja qʼöölmɨ
š	1301	replace	ʃ	ɢüšim hišir=xʷa, šahatb\i-r guniɢomšijera χɨnimeše šejtanmašdɨ sešun mibeškan rɨšera wišine ǯihileše dišir, leqirxurdiš=xa. ʁadiši č'abališdɨ hiš habiše lešur, diš. rešir ütmiš aqɨbišdɨ rɨšekan qileradiš šakallɨ lewšur, šuwišɨr jawɨš begemiši wiššij adišd\i-, adɨš wišij χadiš leqeršur abišis lešur lewšus kidišna rɨša ɢušim=xa ilaamiš ninebiše šaferara ɢušim warl\i-ješis ješik habišexa qišidʲa ekijišir rišira riši, ad\i-š, mɨč'aqɨšira šumub mibišikan, juldaš xaiš šuwbɨr išuw. χɨnimešis šadana šiw sijenabiše geš rišina jaRmiškilšimb\i-r šildɨ insanašdɨxa šu hišitixujne dibirašiχdaxa deduškaes, mabdiš. dišijne=xʷa dišir=xʷa haʔabiše kedɨš insanadšdɨ, χɨnimiše wiširijden habišda. lepšura štraf gaˤšdɨ gadieše wichšir hišidʲaklaquʔ leqʼešur šarik lešus ješike dišidja sürgündiš narušenijebɨr šubešdɨ šuwdɨ jišine. ǯiršir qaʔardiš jakušir jišira uʁardɨš juldaše č'abalešis aramiš mibiše šudbɨr adišdɨ rišira, rɨš imejušʲee rišbišexa hišiga, ɢazamiš dišd\i- wišira šɨw šuwgade rɨšeda qawaʔardiš q'asdɨbiše jišine, išarmiɨ jaɣmiš xɨleše ublešdi jišixur jawaš adišii wɨglešir q'ušdɨ haʔadbišdɨ biše wišira, rišeχda χanimešdɨ rɨšbišeχda jaχši paččahašda, šuw? wišir=xʷa. habišxa mašinma wiširxʷa daškala ublešda juš... hiširdiš hišir=xʷa narušenije hišir. ašuw hišijne χadišma adiš ɢüšimara=xʷa ilamiš haš hišidʲaquʔ, elektrikašdɨ hɨgardiš ǯijnašdɨ č'abalešdɨ habišɨxda huš liš ǯišijne zaweršatь kasibašis hušerxa tamaš dišir mibišda pɨšedɨ mibišdɨ damašnij=ka, ɢušimaa jišijnexʷa dišnaišine habišda jaRmišdaʔara uboršʲitsawalikun, uslɨšala juldašir hišijne=xa, mibišis rɨšeχda rišis ublišikan išir babajmašdɨ baše bišdɨ išiga jaʁmiš ruurd\i-š habišeχda lešusɨ gʲaqaɢardiš. hišira. zamhˤadkeš d\i-šma roditiliše ješemiš alkašera dišxʷa haʔasadbišdɨ, hiširxʷa jaʁmɨš ʁamadɨš jaʁmiškitšir šeitan lešurne sasabiše hɨkɨsdɨdišij" awtomašinmɨd rɨšbe rišpexa dišɨ hušer=xa haʔasdiš jišidi alkašišiχdaxa kidištɨbɨr šiwi? rišes Kašir juš χɨnimešxa šejtan jišir, išijne adiši ješira dišinexa mešukma ruʔurdiš, maladʲoš dišir=xʷa. Xajiš qilšir=xʷa ninebišdɨ hišij rišxa adiš, wešna wiširajxa hɨkɨsdɨš jišine riši wišir hišidid ɢušimakʷan ɢušim, hichšir alkašer amadišna, "šuw wiši hišɨne mešatʲma šube gašekʷan ruxʷardiš qudbišisxa k'ušdɨ ješerij jišidnowdɨ kilxedɨš lešur=xʷa rišijmar jišira. dišir=xa wɨlc'ardišij xɨlešis jišinexa... rɨšed šumud šuwdi lɨšan ǯac'abiše leqešur, madišij. šuwga mabdišma šuw, insanaše raˤʁabišiχdaxa wɨšga uš... adišxur leqeršur, balaskibiše dišijxʷa, rišijne, lekebčurdɨš dUtmiš warl\i--ješ-da ješiked habišdɨ dišid edemiješde adišna rɨšxa leqešur dišine, gaˤšdɨ, šejtanad insanašis wuš ʁarčekanešik čakalmaše šud wišijxu hɨgardɨš, kidiš šihibɨr dawarašis wušgade šahadwalikan. nesdɨbišdɨ šariatikan hišid suzmiš kaširakan šumdɨ šik\i-lʲa tanɨšwaldɨ-bilišwaldɨ abišdɨ jušemisa insanaši paččahašdɨ šigɨjed hac'ardɨši aʁmiš dišij. mibišiχda hamɨʔdɨbiše riš hajiš ʁowgurdiš šuwruura... qurʁusdiš" ǯišira erimiš xinimešiχda kart'uška ʁagʷardišij, lebšur gašdɨ sabiše arämiš alχɨšbɨr sedübʁurdišij. rɨšekʷan ruʔurdiš jɨˤχɨˤrdiš šuwna, mačχulatmiš rešerij=xʷa χɨnimešiχda ad\i-š ɢazaʔamiš xɨlešikan dišira šuwdɨxa babajmaše ʁagʷaddišij. rišiimar č'abɨlešis diš: lewšura bišis didebiše ʁawurgʷaddišij ʁedibʁurdiš šɨw, išira wišidʲaquʔ ubleši šɨwdɨ rešenie šak lewšus, šešun rɨš, ʁadiš habišexdaxa rɨšerna riširijden šuwna alkašeraxa adiš. qušimada wiširdiš šur rɨšʲa šutkabɨr mašinad haˤmiše riširama? šübe ješebaše šal qiriš, wɨšaˤrχɨr wiširdiš=xʷa, rišeraxa dišijnesɨˤχɨr jišir qišir habišdɨxurxʷa xɨlešdɨ diši, šakall\i-diš hac'ardɨš č'abališik begemiš didebišdɨ ješemišdišir Habiše juše rišbiše hammeše. lewšur. älgardɨš šašlɨk-mašlɨk lešudid, mašinbɨr Ušla wɨɣleše qušim adišma hišira šiwijden. rišijne diširxa habišisxa lekuwšudʲaqu dišijne ǯinaše dišijne, dišχurxʷa wišir\i-ma? palankaši dɨš siimbiše χɨnimišis šejtanmar dišej sinbišis weš išleg rešira rišbe urusašdɨ rɨšes šalbɨr, läjerkardiši juše, dɨšɨ ǯehilešdɨ, ublešir uˤtmiš šuwxa mihmanašda rišijmašdɨ mišatwaldɨ šahadašd\i- jušed gaˤš-dɨ jahmiš edemiješis qewitardiš Mɨˤχabišdɨ hɨʔɨrdiš mašikʷan huš, šuwgadi dadamiš kawaardiš wišir, eweldɨbiše qiršir qaardiš. mabdišdɨ. ruurd\i-š, gadieša šumdiχda kišixda. mibišdɨxa tɨlɨjmaše lewšur ʁarčekaniše nišij=ka šiwijden bezmiš habišis haˤšdiji šiji šadlɨhana --woobchše hišir sinbišiχda diš maˤʔlimaši jišid hiši hejwanmaši šakarɨr habiši wɨš dušmanar hišir, hišira, kɨšniš, šiwi lekuwšudilaqu šarak hišine šuuw awarašdɨ išdɨ madd\i-biše ɢaʔazamiš lekewšus wɨγlešis dišir. mišuk' ješɨr rišir=xʷa. šuwdɨ, jišinexa jeribiše vapše lekešur rɨšna insanašdɨ wešdɨ ubliše šus ruʔurdɨš haˁapbiše ʁamadiš. ješikbɨr leš rɨš. diš, hɨkɨsdiš Мibišda=xa rišir sienabišis jišidilaqu, ješikima ǯišir χɨnimešda habišikla dibiraše mibišiχda, ekrirgardiš rurusdiš utamiš šapkʼa lekewšurdʲaku kašir čalɨš madɨš diši jaxši hišit'i=xʷa jišemiš madiš. hac'ardiš wiširaj wišijne išid šuχda hišidila r\i-š šudda riširama, maʔardiš. rišid susmaši surukladɨbišdɨ=xa hemibišis qaʔardɨš šeherma hac'ɨrdɨš gidiš laɢɨrdiš hac'aradiš. šihi jidq'ɨddiš šuw behemišidʲaku sašuw wiširaj. šuma jišin ɢušimara ješik'e dišij ʁɨrčakanašis nesdɨbiše dišijma dišij, edübʁürdišij, hac'abišis hɨwɨsdiš šaxadwalikan deduška, šlʲapa qumšsijmašis
č	356	replace	t͡ʃ	eʁelč'ur elč'utxa Gačax paččahad... Reč'ur ačix (ʁ)reč'ur kiwčir čat' paččahakla č'abaler ladɨbčira bɨχče... paččahašdɨ ʁeč'ura muč alčax čabɨlerxa gičes ičirdɨ paččah ričxa čara leqʼečʼur č'abališdɨ č'elila čardax leqʼečʼud, čʼelikʷan. haliče GačaXad lebčura, heč'uraj nača lečʼur, načaʁdɨ ʁarčekaniše čto selč'ujne wergič gičinera čʼelbɨr pʲatničnɨj Gačaxwald\i- ɢeči ɢičinira č'ɨlila bačokma eqečʼur elč'ur alčaχad seqʼečʼur xač mačχulatmiš paččahada. GačaX gičerij ač'irxɨra ač'ipxa, qʼičʷilkara eqečʼud čem ladɨbčirij kičdilkara=xʷa č'abɨlešis <χuʔgeheč'ur?> alčaχdɨ χač'irχɨjne ačɨχ č'ar leqʼečʼur, lečit ʁɨˁmče selč'ura bɨχče ʁačulqarij lebčura xačbɨra eqečʼu, gič' sewčʼur, č'arlaˤmp' xɨrč'inbɨr ʁačekanes č'adbɨr lejč' χač'irχɨr=xʷa jarɨmčuχdɨ χač'irχɨr, čerez p'eče lelč'ur zamečanije počti čʼilɨla xačalmɨχda čuldja, mɨč'aqɨšira čej ʁarčekajne keʁelč'usdɨbɨr philologičeskij čat'ɨlɨla gurč'ur eʁeč'usdɨ gič'ira č'elilad hɨnči xačatɨnwaldɨ xaliče gijč'esɨ juč'ud eqečʼujne, eʁelč'ura otličijem sečur. külč'ür č'irč'ik lebčura. leqečʼujne, č'abal ʁeqerč'ur seqʼečʼur, sečuˤr, xačalɨχda ekerč'ura čitɨri geʁijič leqečʼur č'atbɨr keʁojčir čʼitʼkʼɨd kipčira sičuǯun mɨčeb χač'irχɨjne=xʷa, paččahara bačokbɨr načaʁ χač'irχɨr ʁačulqudaqu obespečenije paččahaχda ʁɨrče laˤjčir paččaʁad čiq'id ač'irxas eqeč'ur čulde tɨbč'imɨ. geʁiʔič eč ǯič'edira xačbɨr č'abališik sač'ipxa, eɣeč'ur? čat'ɨnjixur sečʼur haličebɨr ič'edika čʼel čabal zaočnɨj abɨčaj kučijma čapar paččahas č'abalešis čalɨš lač'irxɨne χunče mičǯigɨjekla poručenije č'el bačoka čiwekʲbɨr ilčiwald\i- čijed äčuχur mɨč'aqa keʁerlčʼur seqečʼur hačurkari čapaldɨ čerep pɨč mečeta ʁewč'ur ɢannajučub č'ilila čat'bɨr priručat heč leq'eč'ura küč'ür kičitqɨr mɨč'aqdɨ čatɨndɨ čejlaʁa lečʼud ečbɨrxa lečʼuranijii leqečʼur, paččaʁara paččaʁ=na gʲič'snira č'iˤh ehelьč'ur alčaχ kičdirq'ara ničego lekebčurdɨš ačuχ gič'era lebčud jičʼdɨ čatɨnwaldɨ eč'ur paččahašda, lečʼur serdečnɨj wič χač'irχara. kučlid lepčurij čirčiraj sejčas qannajuč'ud č'ilɨla ʁarčekanešik ʁɨrčakanašis čakalmaše čaq'al sačwilɢara seqečʼur, ʁeqeč'ur, uʁrač otmʲečat paččahaχda, č'abalešdɨ geRerč'us gič'ad ečbɨr eʁeč'ur čatɨn ʁarčekaner č'at xunče jaxči eqečʼur, načalajmɨs lalčir kičilkara
ü	149	replace	y	ɢüšim ɢüdürɣe qʼudhüra küdubxura kühned sürimikan saˤbhüra. dʲülqes dülьqʼera düzdaʔara dülqerij güzet süddida lʲaqʼaˤbhüra jüǯür sürgündiš sürgün ühut alütkür dülqera. ülǯümed dülqʼed ʁedegürij düʁürʁeˁra dülqera sülgera ütmiš sedübʁurdišij. südq'üne qʼündɨ südqʼür qü sürq'ud saˤqʼaˤbhüra südq'urani külu qʼühura südürqʼerij sürgüna xü küč'ür qʼüne küpejoʁli küwq'ur dülqera, üǯ setʁüra ǯükla sedübʁüra müqʼʷaˤ süd... sütkür sutkür=xʷa, qühüra. dünjadi qʼüdhüra qʼudhüga süt süpelmarad süd tühmet ʁedürgera qʼüdhüra. ledübrürij südq'ɨra, ǯuhüra jüǯ külč'ür ǯüda ledübʁürij, ɢüšimara=xʷa minküm ǯüduχud jüzü sedʁür, lüzür=xa düz südq'ur ʁedgüne, edübʁürdišij, šübe ʁedgüne otsüda südde
ž	39	replace	ʒ	dolgažiteljnica saždɨji prodolžat' žizni tože služit džigɨj ǯɨžɨtʼi bagažnika uže režɨm bagažnik. žeskiy daže... možet skažu uvažat ženiχad saždɨji,
X	27	replace	χ	X\i-r\i-da Xabar Xulkara suruXlad\i- iXadkald\i- wiXd\i- uliXda GačaX haˁpX\i-ˁne X\i-d\i-n\i-w\i-kan Xajir Xaq'as lejiX Xajir. naˁXan X\i-lʲa Xujne... Xala waXt\i-nde Xajiš GačaXad X\i-l
\i-	287	replace	ɨ	šahatb\i-r šik\i-lʲa s\i-tq'\i-r tanɨšwaldɨ-bilišwaldɨ x\i-wad Kurban-bajram z\i- haji-kʷan raziwald\i-, nuw\i-kla сы- Idɨlʲ-adxa, r\i-w\i-lc'ara po-russki haˁpX\i-ˁne haʕpbɨsamat-e aa-uu ruurd\i-š, karb\i-r h\i-m\i- -- где-то ham\i- q'a|rd\i- Gačaxwald\i- haburʁan-baburʁan, h\i-m\i-? --woobchše ruurd\i-š sa-daxa ab\i-rl\i-, gertunuwd\i- ну-с gʲaG\i-r По-вашему. po-nashemu guǯe-guǯ ad\i-š d\i-šma Uraza-bajram, hac'ar\i-ma? X\i-lʲa adišd\i-, h\i-\i-r jidq'ɨr-qidq'ɨr waxt\i-nde x\i-d\i-lnowus - --hej a|ǯizd\i- prata-- hajal\i- dwa-tri h\i-\i-r, q\i-w\i-lc'ara h\i-x\i-r sa-sa hanuw\i-k wiXd\i- guǯa-guǯ madd\i-biše gde-to ары- q\i-lc'ara как-будто waχ-waχ warl\i-ješis h\i-k\i-s \-- ad\i-š, pisd\i- ixʲd\i- x\i-d\i-n\i-wd\i- X\i-l nind\i- jirq'\i-r. siqrig\i-n suruXlad\i- h\i-w\i-r r\i-w\i-lc'ar\i-ma gagd\i- lav\?g\i-r jaRmiškilšimb\i-r кьу- malw\i-c' aq'ald\i- w\i-xa r\i-w\i-n по-русски t'alak'b\i-r q\i-w\i-lc'arani r\i-w\i-lc'ar tike-tike xeR\i-lera didd\i- kuti-kuti Wali-baba raziwald\i- q'\i-rq'\i-r jet\i-r, eb\i-r еле-еле iXadkald\i- šakall\i-diš Rargʷar\i-ma hac'\i-r jidq'\i-r G\i-r\i-c' b\i-j hemiRiRad\i-jex\i-r h\i-w\i-d r\i-|x\i-ra hanuwd\i- X\i-r\i-da xes\i-mala šašlɨk-mašlɨk wald\i- x\i-d\i-nuwd\i- gɨr-gɨr ilčiwald\i- madd\i- qiq'as\i- dišd\i- w\i-r\i-h\i-rij h\i-gara wixd\i- waXt\i-nde haz\i-rd\i- сыв- ʁɨlge-ra hoow-laʔ jirq'\i-r wišir\i-ma? r\i-š sa-qwad-xibɨd jizd\i- x\i-d\i-ld\i- q'uˤndɨ-xibdɨ пол- kek'aʔdɨ-bajdɨ warl\i--ješ-da wɨr-wɨr-wɨr, hac'ar\i-ma Nizir-baba, --wes tuz-rug sejdɨbeg-bajdɨ ham\i-? ǯud\i- šahadašd\i- q'irq'\i-r. warl\i-wald\i- гьыкысы- gaˤš-dɨ w\i- хыных- tekt\i- X\i-d\i-n\i-w\i-kan h\i-w\i-dʲaq'u\?g k'al\i-b gʲaqʼara-gʲahara ixd\i- laazimd\i- w\i-dkald\i- w\i-d\i-
ä	25	replace	æ	sä lä Siftäd läjkar älgardɨš χɨrɨdäd älgara Siftä qärgɨrne ǯibrädɨ irajχän, läna siftä äčuχur läjerkardiši
|	9	replace	ˤ	q'a|rd\i- mu|q'a... u|rxud, mu|q'a ma|Rʷ, muq|ud mu|qa r\i-|x\i-ra a|ǯizd\i-
ˁ	143	replace	ˤ	naˁχan, uˁlke ɨˁχdibar daˁʔwibɨr uˁlkije maʁuˁraj mɨsljaʔaˁt uˁlkima hɨˁldis raˁq rɨˁχɨra, q'aˁsa aˁjibad haˁpX\i-ˁne ʁɨˁrarxa hɨbɨˁk daˁʔwija q'aˁsij χuˁr xaˁwas raʁaˁd daˁʔwɨja düʁürʁeˁra haˁbɨsamadte muˁq'a huˁq'li naˁhaˁgwaldɨ saˁʔaˁtala q'ʷaˁd reˁχe χɨˁbɨd aˁʔ q'ʷaˁb raˁhmat muˁɢʷa χaˁl ǯuʁuˁra jiχɨˁr, qʷaˁqaxixba naˁχan qwaˁr qʷaˁr aˁq'allɨ ʁɨˁmče muˁqud q'aˁsdɨ saˁʔat duʁuˁrʁes reχeˁ naˁχaˁn quʁuˁra. raˁka jiχeˁra c'uq'ʷaˁb muˁqa naˁχan=xa naˁχadijiq'ama duˁujmɨd haˁjwanna jiχeˁra. jiˁq'lekʲdad daˁʔwi naˁXan raˁq'ma aˁkaˁjetad χaˁr dɨʔɨdeklaq'uʔq'aˁsa χɨˁrɨχɨd qaˁsa haˁbɨˁ daˁʔwijala rɨˁqa saˁʔaˁde kiǯɨxɨˁd ǯamaˁʔatijera quʁuˁrij quˁdʁuˁra uˁq'li daˁʔwi=xʷa, Maˁhaˁmaˁd ʁɨˁrǯ raˁʁɨr=xʷa muˁqadɨ ʁɨˁrxa q'ʷaˁr qudʁuˁra, kiˁrχɨrij naˁχ maˁʔnibɨr hadxɨˁd daˁʔwija. raˁʁad=xa haˁapbiše uˁlkijed raˁhmatawɨd qudʁuˁra
Гь	6	replace	h	Гьɨmɨʔ=xa Гьawɨr=xa Горячий Говорят Гитлер Гʔɨnaˤχan
А	6	cyrillic		Алира Азербайджана А] Азербайджан Аа.
а	993	cyrillic		азербайджанский района давар гьигара картабыр эмисад хьагур джадалгад сабай маваай "зад аая къат зас рухьара дыгараа?" как караъара анувды къурумиша ига хыдылнова авыр давай лупхас аатий зиярат аьрия асукьа там арабыр проверка кара к1аъды душман богатый район мык1а1рыш арабад авырдиш ишийехьа саджигий аарий вязать хынхыла кихьа а къинабыр лап саъга ишира раз кьаба жарим спасибо саджиг1ил хакыр ха ани сакьал гадиер обедас вад )арака, ары- значит] ыха гьая рухьураа илена аса Мухамад даъави дуьзена Наоборот, быса наливали гемарых класса къугъара адыр му1к1а1 кывылцардиший аъад мибишда регулировать сенна решила къаравылди давияла зиярата хай даъвийед хани начала хватит, гьабыр ейванар завтра спасат компания. капыр эдемийра Аа. зада бадана, та1бир аъ гьаса айра капыракан Харарзада сабайды къацырдиш хьа къугъура Да, улихда армянар Хватит? ула гадиес веришаъас азебайджанский когда кар на къубайде аасий кьирак значит], абыр канал дыхыра айихда нам сывад ыгатий ыгара "раз" дирина асад саргьа1тбыр дархас мады гьякъама дулкира джибра илсанар участник гякьама икира ыхара рурура хала арамиш начальных ва аардиший рази гьа левиркьара аас маде... иширхьа дыкасы мукьа дахар ман йыкьа анi здесь)мида На давия абише гьалда гьарала оказывается=xa мелкашка "давай" начать? сада начнём кьахыра года райано мека силтарий оказывается=xa, магьа1раба ватан, тинбайды аара оказывается, дагул\\ заключительные виилера му1к1а1ды такой илера Давай рангадбыр джура ыхырай г1акуйне рахматых седхьура сувкура ад\\ cезона хватит адухун къурамиш хьарамзада знаю хъуна ай Азербайджан ывырай миса зад кьайьды Давайте. туда сывара; дюлкьера бейда г1а тьатьал кьа1баъ силгара вахтинды кьасды "пьяна" йигьа график ваъ зыха разговаривать Мирзахана хамкьус адыра израилед гякъама рыхьа сакар кал датхас ваз наоборот,] армянад ханиий гада анув спичкаед выхара аспахин ящерица къаджир По-вашему. са типа, латур ада хырыда абыр... минова спичкабыр джига кьа1ба, дагул къирмиша кавыыр кьва1р тиса ра1к1на хура Мирзахан вода. дахра хакь\\ выда йидкыга \\охра\\ проиграт ха\ оказывается=xʷa ара цакьараг кумаг аниий г1аъара хьай как-будто Последовательно сказка выха дуруъура гьановыс такой, кьабаъад ваъара йишира полугодавалый бизар садахьа адыш саънабай Рамазан фактически] къина зади а] дяхьа ыгати Азербайджана рухьад тина датхыдя ая иквиргарий кьира Значит] армян аймыд жизникан ватандид ватрухад пенсионат чейлахьа икигасы слова) вада ряхат вмешиваю, гьаъас славянский кьа1ба рухара гьар къинады йыхьа йидкыра спичкаймыкан положила хыдылновыкан саилийден сала аар хьура зыхьа надо буква някьакьды фитна называть гьая... арыш текана хана ватан даварxa мара зывас ад завершается, адиш маъ зарафатбыр хьадиш ошибка мартас амы иширай г1ай аде ыкьара разные гьайе анийии къадеше специально гадиера хьабысаат наливали. миновыхда руура гьад йикира ледикьа далгара (Лера, вахт даъвия хыбда бас равно гедиркьыра вода Алира атхыр дерехера валыгмар ыыра охранада му1къа кьарахьу тамаш да, кьирад къари ейван рыхъа внимание.] отсюда сукура лелшура яваш дархасы вызас за зад\\ мухамад руъура вашув\\ гьакывгырдиш оказывается гьыгара удачно дальше] къатхыр гьай ейвана лаъ (са) перевал. свидания" диъара ваас джукан (Лера:) сюда
и	643	cyrillic		Рутульский азербайджанский русский гьигара ид эмисад ки хьели истории интересный ишидя къурумиша йиркьыр ига пир аатий зиярат минкуьм аьрия эквийир авырдиш ишийехьа улис ыкысдиш саджигий аарий кихьа Горячий рождения къинабыр ишира йии симбише илерий жарим спасибо саджиг1ил гичьед ани гадиер мукьойит мия значит] видж джигьил илена кьирык лючир сиин даъави наливали кидишхьо кывылцардиший хьикьир хикбыр мибишда регулировать игит( решила къаравылди давияла киьрмыд зиярата даъвийед хани хватит, нийиъи миз письменность, мибише ихтилет компания. эдемийра идёт вии эгъидхуйне та1бир к1иркьыр диший сивигыр къацырдиш син эмид кии виший улихда йиркыр Хватит? гадиес веришаъас азебайджанский кепейухьли аасий миъбыр кьирак яхьмиш значит], айихда селение лирхьур ыгатий йицыд цихил дирина йиъи кичирдиш дулкира джибра илсанар участник рутульский икира арамиш рикыд хынимер тине аардиший ийден рази левиркьара йирк1ыр сиене дии иширхьа эминув сидигыр йичердиш вишийне здесь)мида чир левир давия абише джигий сидхьур лойчир хьовгырдиш йидкьыр (миъ сиптыр сюдулкерий диий кьир доносит силтарий тинбайды Гитлер диъи, йишир заключительные виилера илера кипхьыйне йиъид ишид хьибыр къирбыр кьир\\ мидукьунды хватит къурамиш еврейский миса ийи синбыр мит сигыйне михыдылнов иймыд ти вахтинды хынимеше или] силгара йигьа график йьий минов сулкерий илийден биийне кивхир ки\\ мид Мирзахана разговаривать икьлитхьур израилед иле ханиий кормит спичкаед были, и фикыр илды аспахин ящерица сиг1ыд вике къаджир ешемиш типа, шив къы1йид сипхьуйне ихьды йидкыд минова спичкабыр джига къирмиша эми тиса Мирзахан джи йидкыга виъи проиграт вступительные минку1м эхир аниий им тинув йишира ушийден кывыти бизар ми къина зади фактически] или тили йиид ыгати тина мий иквиргарий инспекторский кьира Значит] шиви йидкыр жизникан по-русски ватандид миновыс пенсионат дуруурий икигасы изды иширдиш ихьды\\ и.. вмешиваю, йицыр дишийке гикьихьир миъгякь славянский виий хьибыд историе минув къинады ученик) ишир йидкыра йихир спичкаймыкан положила саилийден хьил фитна диш мибыр виид адиш и] и...] хьадиш тиня ошибка яхмиш иширай кьирбыр хейийир анийии специально гадиера наливали. руурий миновыхда йикира гьэми ледикьа ий даъвия йидкырдиш эдеми гедиркьыра Алира кьирад джиг1илед къари внимание.] решение увидев (йид) риǯ йихи\\ лиир илесды гьакывгырдиш къыхьырдиш вишир свидания" ыыджигий шивийден (йиъи) диъара мийих\\
р	559	cyrillic		азербайджанский русский района давар гьигара картабыр евреер хьагур истории рухьара интересный дыгараа?" караъара къурумиша йиркьыр авыр пир зиярат аьрия ягъыр эквийир арабыр проверка кара район эгъеч1ур мык1а1рыш арабад чутбыр авырдиш аарий Горячий рождения къинабыр къыхьыр ишира еврее раз илерий жарим яхыр еврей хакыр гадиер )арака, ары- сечур ывыр йыхыр рухьураа кьирык лючир Наоборот, нрзб гемарых къугъара адыр кывылцардиший хьикьир кьур дуруус хикбыр регулировать решила къаравылди киьрмыд зиярата дыхыр гьабыр йер ейванар завтра капыр эдемийра первый та1бир к1иркьыр айра экулбыр капыракан Харарзада сивигыр къацырдиш вроде къугъура рыкыс армянар йиркыр веришаъас Говорят кар гырче миъбыр кьирак абыр дыхыра лирхьур ыгара "раз" дирина саргьа1тбыр кичирдиш дархас лупхур джёр дулкира джибра илсанар икира рутульский эбыр ыхара сторону? эчур ыг1/гьыр арамиш рурура рикыд хынимер аардиший рази левиркьара йирк1ыр иширхьа дахар сидигыр йичердиш чир левир гьарала лыхьдыбыр сидхьур лойчир гордость хьовгырдиш йидкьыр выъыр [нрзб] верё\\ кьахыра сиптыр сюдулкерий райано кьир силтарий рякь магьа1раба аара лузур Гитлер йишир виилера илера рангадбыр джура рууд ыхырай рахматых седхьура хьибыр руъусы сувкура къирбыр ухур кьир\\ корпус къурамиш хьарамзада рыхъыд еврейский Азербайджан ывырай синбыр сывара; дюлкьера другой силгара пророк график сулкерий кивхир лечур разговаривать Мирзахана Первый икьлитхьур адыра израилед рыхьа сакар эвчур наоборот,] армянад кормит фикыр выхара ящерица къаджир латур хырыда ховкур абыр... ыхыр дыъыр спичкабыр къирмиша кавыыр ыыр кьва1р ра1к1на хура кьымырденувды Мирзахан дахра дыгыр чурдыбыр сукур \\охра\\ спор проиграт эхир ара цакьараг г1аъара рых дуруъура родной ваъара шурук йишира вернуться бизар хьяр Азербайджана рухьад рыш иквиргарий инспекторский кьира къудер армян йывхыр шуркуд йидкыр по-русски шуркумыд ватрухад дуруурий иширдиш ряхат йицыр гикьихьир историе рухара гьар ишир йидкыра йихир аар хьура умер. верёвкой арыш джер мибыр даварxa мара завершается, хьур зарафатбыр евреед мартас иширай ыкьара кьирбыр разные хейийир руъуд гадиера руурий йякьбыр руура йикира далгара (Лера, йидкырдиш равно гедиркьыра Алира атхыр дерехера валыгмар ыыра охранада кьарахьу къырыкь лешур кьирад къари сукура рыхъа Инспектор лелшура решение гьятхыр. гякьыр къор дархасы риǯ шувбыр лиир руъура прямо гьакывгырдиш къыхьырдиш зер вишир къатхыр гьыгара перевал. диъара (Лера:)
ы	464	cyrillic		хыных къунды рыхъыд ывырай синбыр картабыр кьайьды войны сывара; йыкь сигыйне михыдылнов иймыд сы- зы хьуляхды вахтинды кьасды хынимеше дыкыс интересный дыгараа?" ыыд зыха анувды ымы йиркьыр хыдылнова Первый адыра авыр рыхьа хыл ягъыр арабыр был к1аъды хыля богатый были, илды фикыр выхара мык1а1рыш сиг1ыд чутбыр авырдиш ыкысдиш хынхыла гьыкыс хырыда къинабыр ихьды къы1йид абыр... ыхыр йидкыд дыъыр къыхьыр спичкабыр хыле кавыыр ыыр яхыр хакыр кьымырденувды выда дыгыр чурдыбыр къы1не йидкыга вступительные хынхыд оказывается=xʷa г1/гьымыъ ары- ывыр къывытехьо ыха йыхыр рых выха кьирык гьановыс быса полугодавалый кывыти гемарых адыр адыш кывылцардиший хикбыр ыгати къаравылди рыш киьрмыд датхыдя дыхыр гьабыр аймыд йывхыр йидкыр миновыс язык шуркумыд капыр икигасы изды ихьды\\ первый йицыр мукьыд к1иркьыр экулбыр капыракан хьибыд сабайды сыс сивигыр къинады мукьяды къацырдиш шувды йыхьа йидкыра рыкыс спичкаймыкан йиркыр хыдылновыкан гырче г1ыкысе миъбыр абыр зыхьа дыхыра някьакьды называть сывад ыгатий ыгара арыш йицыд мибыр саргьа1тбыр зывас мады кьылыкь выды эбыр ыхара ыг1/гьыр зарафатбыр начальных рикыд хынимер пыч амы сыв- вы йирк1ыр ыкьара кьирбыр разные дыкасы йых дыхыйне сидигыр хьабысаат кывысы джуды йыкьа миновыхда йякьбыр лыхьдыбыр йидкырдиш хыбда гьыкысты оказывается=xa гедиркьыра было, хьовгырдиш атхыр валыгмар ыыра йидкьыр выъыр къырыкь кьахыра сиптыр хукумы якобы к1ыды "пьяный" рыхъа ыыйне оказывается=xa, гьятхыр. гякьыр тинбайды оказывается, обычно заключительные му1к1а1ды вызас дархасы мыхя чтобы шувбыр кипхьыйне Целый гьыкысы- рангадбыр хыдылды хыных- было. илесды ыхырай гьакывгырдиш оказывается рахматых къыхьырдиш гьыгара къатхыр руъусы къирбыр хьибыр ыыджигий мидукьунды выг1ыл
д	421	cyrillic		къунды азербайджанский давар ид эмисад джадалгад хьуляхды "зад дыкыс где-то дыгараа?" ишидя анувды хыдылнова давай к1аъды душман арабад авырдиш ыкысдиш саджигий сюдкьуйне рождения саджиг1ил джу гичьед гадиер обедас вад хынхыд видж джигьил Мухамад даъави дуьзена адыр кидишхьо кывылцардиший аъад дуруус мибишда къаравылди давияла киьрмыд даъвийед дыхыр обед эдемийра зада идёт бадана, эгъидхуйне диший Харарзада сабайды мукьяды къацырдиш вроде эмид улихда гадиес азебайджанский когда къубайде одно айихда къод дыхыра сывад юдж йицыд дирина асад джус кичирдиш мады дархас джёр дулкира джибра выды рикыд аардиший ийден дии маде... дыкасы дахар дыхыйне сидигыр йичердиш джуды здесь)мида дождя. давия джигий гьалда сидхьур лыхьдыбыр ед гордость джу\\ хьовгырдиш "давай" йидкьыр сада года сюдулкерий диий доносит тинбайды диъи, дагул\\ му1к1а1ды му1къуд йиъид рангадбыр джура хыдылды рууд ишид седхьура ад\\ мидукьунды адухун хьарамзада рыхъыд Азербайджан зад кьайьды туда дюлкьера бейда другой михыдылнов иймыд вахтинды кьасды ыыд илийден мид адыра израилед датхас армянад гада спичкаед илды дождь, къаджир сиг1ыд ада хырыда къы1йид ихьды йидкыд дыъыр джига дагул экед вода. кьымырденувды дахра выда дыгыр джи чурдыбыр йидкыга как-будто Последовательно дуруъура кьабаъад родной "до ушийден полугодавалый садахьа адыш зади йиид дяхьа дождь Азербайджана рухьад датхыдя къудер аймыд шуркуд йидкыр ватандид шуркумыд ватрухад дуруурий изды иширдиш ихьды\\ вада мукьыд чулде дишийке хьибыд къинады шувды йидкыра хыдылновыкан саилийден надо някьакьды кьуд диш джер даварxa ад виид адиш хьадиш здесь(?) евреед аде хьуд къадеше буду руъуд гадиера миновыхда далгара гьад ледикьа даъвия йидкырдиш эдеми хыбда гедиркьыра вода дерехера охранада да, кьирад джиг1илед к1ыды отсюда увидев джугьул (йид) дархасы зад\\ мухамад илесды гьакывгырдиш къыхьырдиш удачно дальше] джукан свидания" ыыджигий шивийден диъара сюда
у	344	cyrillic		Рутульский къунды Ну русский хьовкуйне хъуна условно. хьуб хьагур туда другой хьуляхды укул рухьара мукья сулкерий шувне анувды къурумиша лечур икьлитхьур хамкьус минкуьм лупхас эвчур асукьа хьевчуйне душман анув эгъеч1ур ну-с чутбыр улис По-вашему. латур сюдкьуйне ховкур сипхьуйне дагул шешун левшуйне джу (тут хура кьымырденувды чурдыбыр сукур экул вступительные минку1м мукьойит сечур кумаг как-будто рухьураа тинув дуруъура хьу туп Мухамад дуьзена ушийден шурук полугодавалый вернуться къугъара му1к1а1 кьур дуруус регулировать рухьад кьу- укъ кьуне къудер шуркуд корпус по-русски ватрухад шуркумыд ну дуруурий эгъидхуйне мукьыд ус чулде экулбыр укьуйне рухара минув у мукьяды мукьу шувды ученик) къугъура улихда ула кепейухьли къубайде умер. хьура буква лирхьур кьуд гекьечуйне хьув "уже" уш джус лупхур ну, дулкира къухе хьур участник рутульский укьля рурура сторону? эчур шу шув хьуд эминув мукьа буду руъуд руурий джуды руура сидхьур улей, джу\\ ухьул му1къа кьарахьу лешур сюдулкерий хукумы йуьше сукура лелшура лузур увидев дагул\\ джугьул му1к1а1ды му1къуд шувбыр овкьу джура мухамад уже рууд руъура вашув\\ г1акуйне седхьура удачно руъусы сувкура хьуйне ухур джукан мидукьунды адухун къурамиш
ь	325	cyrillic		Рутульский хьовкуйне гьигара хьуб кьайьды хьагур дюлкьера dülьqʼera хьели тьатьал йыкь кьа1баъ хьуляхды кьасды "пьяна" йигьа йьий рухьара мукья йиркьыр разговаривать икьлитхьур хамкьус минкуьм рыхьа аьрия асукьа хьевчуйне дождь, ишийехьа selьsewet вязать Гьawɨr=xa кихьа гьыкыс сюдкьуйне сипхьуйне ихьды къыхьыр кьа1ба, кьаба кьва1р хьо гичьед кьымырденувды хакь\\ сакьал вступительные мукьойит г1/гьымыъ кьохье tiь, цакьараг къывытехьо гьая хьай джигьил рухьураа Последовательно кьирык хьу гьановыс normalьno кьабаъад дуьзена вернуться садахьа кидишхьо хьикьир кьур хьяр kilьxerij дяхьа регулировать дождь рухьад только киьрмыд кьу- кьира кьуне гьабыр письменность, wozwraщatь tiь чейлахьа ихьды\\ мукьыд к1иркьыр гикьихьир гьаса гьаъас миъгякь кьа1ба хоть хьибыд укьуйне гьар мукьяды мукьу хьа йыхьа хьил кепейухьли кьирак хьура зыхьа яхьмиш някьакьды лирхьур называть кьуд хьув гекьечуйне гьая... ganʲatь саргьа1тбыр гьякъама кьылыкь хьур гякьама рутульский здесь(?) ыг1/гьыр укьля большое! хьадиш начальных кь\\ иширхьа гьа левиркьара ыкьара кьирбыр Польше хьуд гьайе мукьа специально хьабысаат йыкьа здесь)мида йякьбыр гьад гьэми ледикьа гьалда гьарала лыхьдыбыр ehelьč'ur гьыкысты сидхьур гедиркьыра гордость Гьɨmɨʔ=xa miь хьовгырдиш начать? xьibɨd ухьул йидкьыр кьарахьу къырыкь кьахыра кьирад сеньъ кьир "пьяный" йуьше рякь магьа1раба гьятхыр. гякьыр tiь. джугьул заключительные большой кипхьыйне гьыкысы- овкьу гьакывгырдиш седхьура къыхьырдиш гьыгара дальше] хьибыр гьай хьуйне Oktjabrь кьир\\ мидукьунды zaweršatь хьарамзада
е	310	cyrillic		азербайджанский еврейский хьовкуйне Азербайджан евреер Давайте. дюлкьера бейда хьели сигыйне хынимеше сулкерий где-то интересный шувне нет илийден биийне лечур Первый израилед иле проверка хьевчуйне не эгъеч1ур спичкаед ящерица вике ишийехьа По-вашему. ешемиш сюдкьуйне рождения сипхьуйне еврее симбише илерий хыле еврей шешун левшуйне гичьед экед кьымырденувды гадиер къы1не обедас вступительные оказывается=xʷa кьохье сечур къывытехьо Последовательно илена дуьзена ушийден вернуться гемарых чего фактически] регулировать сенна решила Азербайджана даъвийед инспекторский кьуне къудер обед йер ейванар письменность, (телебе мибише ихтилет эдемийра пенсионат чейлахьа сен первый вмешиваю, эгъидхуйне чулде селф\\ дишийке чел отец укьуйне историе еле-еле вроде ученик) гадиес веришаъас азебайджанский саилийден кепейухьли гырче къубайде г1ыкысе умер. селение верёвкой гекьечуйне ещё текана "уже" джер завершается, солнце къухе веш ве здесь(?) немой большое! евреед момент хынимер тине ийден сиене левиркьара аде маде... разные Польше хейийир гьайе къадеше дыхыйне специально гадиера йичердиш вишийне здесь)мида левир ледикьа абише (Лера, эдеми улей, ед оказывается=xa гедиркьыра дерехера мелкашка лешур верё\\ тоже сюдулкерий джиг1илед сеньъ мека йуьше ейван ыыйне внимание.] оказывается=xa, Инспектор лелшура решение оказывается, увидев Гитлер вес заключительные виилера илера кипхьыйне Целый уже илесды г1акуйне оказывается седхьура зер дальше] хьуйне ейвана перевал. шивийден cезона (Лера:)
х	303	cyrillic		хыных рыхъыд хьовкуйне хъуна хотя хьуб хьагур хьели михыдылнов хынимеше вахтинды хьуляхды рухьара зыха кивхир Мирзахана хыдылнова хамкьус икьлитхьур лупхас рыхьа хыл датхас хьевчуйне хыля ханиий выхара аспахин ишийехьа хынхыла кихьа хырыда ховкур ихьды сипхьуйне ыхыр къыхьыр хыле яхыр хьо хакыр хура Мирзахан ха дахра хакь\\ \\охра\\ ха\ хынхыд эхир кьохье къывытехьо ыха хьай йыхыр рухьураа рых выха хьу Мухамад гемарых садахьа кидишхьо хьикьир хьяр хикбыр дяхьа рухьад датхыдя хай хани дыхыр хватит, йывхыр ватрухад ихтилет чейлахьа ихьды\\ ряхат эгъидхуйне гикьихьир хоть хьибыд рухара хьа йыхьа йихир улихда хыдылновыкан хьил кепейухьли хьура яхьмиш зыхьа айихда дыхыра лирхьур хьув хана цихил лупхур дархас мийих\\ къухе хьур хьадиш ыхара хала начальных хынимер hadхa яхмиш иширхьа хейийир хьуд йых дахар дыхыйне хьабысаат миновыхда вахт лыхьдыбыр сидхьур хыбда хьовгырдиш дерехера атхыр охранада ухьул кьарахьу кьахыра хукумы рыхъа гьятхыр. дархасы мыхя кипхьыйне йихи\\ хыдылды хыных- мухамад ыхырай рахматых седхьура къыхьырдиш къатхыр хьибыр хьуйне ухур хватит адухун хьарамзада
к	291	cyrillic		Рутульский къунды азербайджанский еврейский русский хьовкуйне картабыр кьайьды ки дюлкьера йыкь кьа1баъ кьасды укул пророк дыкыс къат график сулкерий мукья как караъара кивхир къурумиша йиркьыр ки\\ икьлитхьур хамкьус минкуьм гякъама сакар асукьа эквийир кал проверка кара к1аъды кормит спичкаед фикыр мык1а1рыш къаджир вике ыкысдиш кихьа гьыкыс сюдкьуйне къы1йид къинабыр ховкур йидкыд къыхьыр спичкабыр кьа1ба, къирмиша кьаба кьва1р кавыыр хакыр ра1к1на экед кьымырденувды хакь\\ сакьал къы1не экул сукур йидкыга минку1м мукьойит оказывается=xʷa )арака, кьохье цакьараг кумаг къывытехьо как-будто сказка кьирык такой, кьабаъад шурук кывыти класса къугъара му1к1а1 кидишхьо кывылцардиший хьикьир кьур къина фактически] хикбыр къаравылди только киьрмыд кьу- иквиргарий инспекторский кьира укъ кьуне къудер шуркуд йидкыр корпус жизникан по-русски компания. шуркумыд язык икигасы капыр мукьыд к1иркьыр гикьихьир дишийке миъгякь славянский кьа1ба экулбыр капыракан укьуйне къинады мукьяды мукьу кого къацырдиш ученик) кии къугъура йидкыра рыкыс спичкаймыкан йиркыр азебайджанский хыдылновыкан когда кар кепейухьли къубайде г1ыкысе кьирак канал къод верёвкой някьакьды буква кьуд гекьечуйне текана къоб кичирдиш гьякъама кьылыкь дулкира къухе участник икира гякьама рутульский укьля рикыд ошибка кь\\ левиркьара йирк1ыр ыкьара кьирбыр дыкасы мукьа къадеше кывысы йыкьа йякьбыр йикира ледикьа йидкырдиш гьыкысты оказывается=xa гедиркьыра мелкашка му1къа йидкьыр кьарахьу къырыкь кьахыра кьирад сюдулкерий хукумы кьир мека якобы к1ыды къари рякь сукура оказывается=xa, Инспектор гякьыр оказывается, къор заключительные му1к1а1ды такой му1къуд кипхьыйне гьыкысы- овкьу спокойно г1акуйне оказывается гьакывгырдиш къыхьырдиш къатхыр сувкура къирбыр джукан кьир\\ мидукьунды къурамиш
н	270	cyrillic		хыных къунды азербайджанский хьовкуйне района хъуна знаю Азербайджан условно. синбыр войны сигыйне михыдылнов хынимеше вахтинды "пьяна" минов интересный шувне нет анувды илийден биийне Мирзахана хыдылнова минкуьм наоборот,] хьевчуйне душман армянад анув район не ханиий аспахин ну-с хынхыла вон сюдкьуйне рождения къинабыр сипхьуйне минова шешун левшуйне ра1к1на кьымырденувды Мирзахан ани къы1не вступительные минку1м хынхыд аниий значит] Последовательно илена тинув гьановыс сиин родной дуьзена ушийден вернуться наливали нрзб саънабай Рамазан къина сенна Азербайджана тина хани инспекторский начала Значит] кьуне нийиъи армян ейванар письменность, жизникан миновыс ватандид компания. ну пенсионат сен бадана, эгъидхуйне славянский капыракан укьуйне минув къинады син ученик) спичкаймыкан армянар азебайджанский хыдылновыкан саилийден на одно значит], канал селение надо някьакьды нам фитна называть гекьечуйне текана хана дирина ватан ну, солнце илсанар участник сторону? немой момент начальных хынимер тине тиня ийден сиене разные эминув анийии дыхыйне но ман специально наливали. вишийне миновыхда анi равно начать? охранада [нрзб] начнём сеньъ райано он] доносит "пьяный" ейван ыыйне внимание.] тинбайды Инспектор ватан, решение обычно заключительные кипхьыйне рангадбыр хыных- спокойно г1акуйне удачно хьуйне ейвана свидания" джукан мидукьунды шивийден cезона адухун
в	242	cyrillic		еврейский хьовкуйне давар условно. ывырай евреер Давайте. войны сывара; михыдылнов вахтинды маваай минов шувне ваъ анувды кивхир разговаривать хыдылнова Первый авыр давай эвчур эквийир ваз проверка хьевчуйне анув выхара вике авырдиш По-вашему. вязать вон шив ховкур минова вот, еврее кавыыр кьва1р еврей левшуйне вода. кьымырденувды выда виъи вступительные вад оказывается=xʷa ывыр къывытехьо видж Последовательно тинув выха гьановыс даъави ваъара полугодавалый вернуться кывыти наливали кывылцардиший (в регулировать къаравылди давияла даъвийед иквиргарий хватит, шиви йывхыр ейванар завтра миновыс ватандид ватрухад слова) вада первый вмешиваю, вии славянский виий минув сивигыр вроде шувды виший Хватит? веришаъас Говорят хыдылновыкан верёвкой буква называть сывад хьув ватан даварxa зывас всё завершается, виид веш выды ве евреед ва вы сыв- левиркьара шув эминув наливали. вишийне миновыхда вот вот] кывысы левир давия вахт даъвия оказывается=xa равно вода хьовгырдиш "давай" валыгмар выъыр верё\\ ейван внимание.] оказывается=xa, ватан, яваш оказывается, увидев вес виилера вызас Давай шувбыр овкьу вашув\\ гьакывгырдиш оказывается вишир сувкура ейвана свидания" перевал. шивийден хватит ваас выг1ыл
с	241	cyrillic		Рутульский азербайджанский еврейский русский условно. синбыр миса эмисад сывара; сабай сигыйне силгара сы- кьасды истории дыкыс зас сулкерий интересный хамкьус лупхас сакар асукьа датхас спичкаед аспахин ну-с сиг1ыд ыкысдиш улис саджигий са гьыкыс сюдкьуйне сипхьуйне саъга спичкабыр симбише спасибо тиса саджиг1ил сакьал сукур обедас спор вступительные оказывается=xʷa сечур Последовательно аса сказка гьановыс сиин быса вернуться класса садахьа саънабай фактически] дуруус сенна инспекторский письменность, спасат миновыс по-русски пенсионат икигасы сен слова) селф\\ ус гьаса гьаъас славянский историе сабайды сыс сивигыр син рыкыс спичкаймыкан гадиес веришаъас азебайджанский саилийден сала г1ыкысе аасий селение сывад асад саргьа1тбыр джус зывас дархас всё завершается, солнце илсанар участник рутульский здесь(?) сторону? сюда мартас сыв- сиене аас дыкасы с сидигыр специально хьабысаат кывысы здесь)мида сидхьур гьыкысты оказывается=xa бас гордость сада сиптыр сюдулкерий сеньъ доносит сукура силтарий оказывается=xa, отсюда Инспектор оказывается, вес дархасы вызас гьыкысы- илесды спокойно оказывается седхьура руъусы сувкура свидания" (са) ваас корпус
й	233	cyrillic		Рутульский азербайджанский еврейский русский хьовкуйне района ай Азербайджан ийи ывырай кьайьды Давайте. войны сабай бейда другой йыкь сигыйне иймыд маваай йигьа йьий сулкерий интересный илийден биийне йиркьыр Первый давай аатий эквийир хьевчуйне богатый район ханиий ишийехьа саджигий аарий Горячий сюдкьуйне къы1йид сипхьуйне йидкыд йии илерий еврей левшуйне йидкыга мукьойит аниий хьай йыхыр такой, родной йишира ушийден полугодавалый саънабай кывылцардиший йиид Азербайджана мий даъвийед хай иквиргарий инспекторский нийиъи аймыд йер йывхыр ейванар йидкыр эдемийра дуруурий чейлахьа первый йицыр эгъидхуйне дишийке славянский айра виий диший укьуйне сабайды йыхьа виший йидкыра йихир спичкаймыкан йиркыр азебайджанский саилийден кепейухьли къубайде аасий айихда верёвкой гекьечуйне ыгатий йицыд йиъи рутульский немой аардиший иширай г1ай ийден йирк1ыр хейийир гьайе йых анийии дыхыйне йичердиш руурий йыкьа вишийне йякьбыр йикира ий джигий йидкырдиш улей, лойчир "давай" йидкьыр сюдулкерий диий райано "пьяный" йуьше ейван силтарий ыыйне тинбайды йишир (йид) большой такой Давай кипхьыйне Целый йиъид йихи\\ ыхырай спокойно г1акуйне гьай ейвана хьуйне ыыджигий шивийден (йиъи) мийих\\
о	201	cyrillic		хьовкуйне района хотя мол\\ условно. Вот войны другой михыдылнов истории пророк это это] где-то минов разговаривать хыдылнова потом проверка наоборот,] богатый район кормит дождь, По-вашему. вон Горячий selо рождения ховкур минова вот, спасибо хьо вода. проиграт \\охра\\ обедас спор мукьойит оказывается=xʷa кьохье къывытехьо как-будто Последовательно гьановыс такой, родной "до Наоборот, полугодавалый чего кидишхьо регулировать дождь только инспекторский обед что] письменность, по-русски миновыс компания. пенсионат слова) чтоб этого что отец хоть историе вроде кого положила Говорят хыдылновыкан когда одно къод надо верёвкой къоб солнце сторону? немой большое! момент ошибка Это Польше но специально миновыхда вот вот] дождя. пол- этом лойчир оказывается=xa равно гордость было, вода хьовгырдиш охранада тоже года райано он] якобы доносит оказывается=xa, отсюда Инспектор оказывается, обычно къор большой такой чтобы было. овкьу спокойно прямо оказывается удачно cезона этот корпус
м	188	cyrillic		вмешиваю, мукьыд миъгякь миса мол\\ эмисад минув мукьяды мукьу мит эмид михыдылнов иймыд хынимеше спичкаймыкан армянар маваай минов мукья миъбыр яхьмиш умер. къурумиша ымы м мид нам хамкьус минкуьм гякъама потом там мибыр армянад мара душман мады кормит гьякъама мийих\\ мык1а1рыш маъ гякьама мя\\ немой арамиш По-вашему. ешемиш момент хынимер мартас яхмиш амы минова маде... симбише къирмиша эминув эми мукьа жарим ман кьымырденувды миновыхда здесь)мида гьэми минку1м этом мукьойит эдеми г1/гьымыъ мия кумаг мелкашка валыгмар му1къа тамаш начнём им (миъ Мухамад хукумы мека гемарых му1к1а1 внимание.] Рамазан магьа1раба ми мибишда му1к1а1ды киьрмыд му1къуд мий мыхя мухамад армян прямо аймыд миз рахматых письменность, шуркумыд мидукьунды мибише миновыс компания. эдемийра къурамиш хьарамзада
л	182	cyrillic		Рутульский чулде селф\\ условно. мол\\ чел экулбыр славянский джадалгад дюлкьера еле-еле хьели тьатьал михыдылнов или] силгара хьуляхды улихда укул ула положила хыдылновыкан сулкерий саилийден кепейухьли хьил сала илийден канал лечур селение хыдылнова икьлитхьур лирхьур израилед лупхас хыл кал иле цихил был хыля лупхур солнце кьылыкь были, илды дулкира илсанар рутульский укьля хала улис большое! хынхыла начальных дагул\\ латур лап левиркьара Польше дагул илерий хыле левшуйне саджиг1ил специально наливали. сакьал далгара экул левир ледикьа пол- вступительные гьалда гьарала лыхьдыбыр улей, лойчир было, Алира мелкашка валыгмар джигьил ухьул илена лешур Последовательно лючир сюдулкерий джиг1илед полугодавалый наливали класса силтарий кывылцардиший лелшура тили лузур или Гитлер регулировать решила джугьул давияла только большой илера заключительные къаравылди было. виилера Целый хыдылды начала лиир илесды дальше] лаъ (телебе перевал. ихтилет чейлахьа выг1ыл слова)
т	179	cyrillic		Рутульский хотя картабыр Вот Давайте. туда мит тьатьал ти вахтинды истории къат это это] где-то интересный нет разговаривать икьлитхьур потом аатий зиярат там датхас наоборот,] богатый кормит чутбыр вязать типа, латур вот, тиса (тут проиграт вступительные мукьойит оказывается=xʷa значит] къывытехьо как-будто Последовательно тинув туп такой, Наоборот, вернуться кывыти фактически] тили регулировать ыгати игит( тина только датхыдя зиярата инспекторский Значит] хватит, что] письменность, (телебе завтра спасат ватандид ихтилет ватрухад пенсионат ряхат идёт чтоб та1бир этого что отец хоть историе Хватит? Говорят значит], фитна называть ыгатий текана ватан саргьа1тбыр завершается, участник рутульский зарафатбыр сторону? момент тине тиня мартас Это хьабысаат вот] вот вахт этом гьыкысты оказывается=xa гордость атхыр начать? тамаш тоже сиптыр доносит силтарий оказывается=xa, отсюда Инспектор ватан, гьятхыр. оказывается, тинбайды Гитлер заключительные чтобы такой рахматых оказывается къатхыр хватит этот
г	152	cyrillic		эгъидхуйне этого гьигара гьаса гьаъас гикьихьир миъгякь хьагур джадалгад г1а сивигыр гьар другой сигыйне кого силгара къугъура гадиес йигьа график когда где-то дыгараа?" г1ыкысе гырче ига разговаривать гекьечуйне ыгатий гякъама гьая... ягъыр ыгара саргьа1тбыр богатый гада эгъеч1ур гьякъама сиг1ыд гякьама ыг1/гьыр саджигий гьыкыс г1ай саъга гьа джига дагул гьайе сидигыр саджиг1ил гичьед гадиера дыгыр далгара гьад йидкыга гьэми проиграт гадиер джигий гьалда гьарала г1/гьымыъ гьыкысты гедиркьыра гордость цакьараг кумаг хьовгырдиш г1аъара гьая валыгмар джигьил гьановыс года джиг1илед полугодавалый гемарых къугъара чего магьа1раба гьятхыр. гякьыр регулировать ыгати игит( джугьул дагул\\ гьыкысы- рангадбыр иквиргарий гьабыр г1акуйне гьакывгырдиш гьыгара гьай ыыджигий выг1ыл икигасы
ш	139	cyrillic		вмешиваю, дишийке диший къацырдиш шувды хынимеше ишир виший веришаъас шувне ишидя яхьмиш къурумиша арыш диш уш душман кичирдиш завершается, адиш мык1а1рыш веш авырдиш ишийехьа хьадиш ыкысдиш большое! арамиш По-вашему. ешемиш шив ошибка аардиший яхмиш шу иширай иширхьа шув Польше симбише ишира къирмиша къадеше шешун левшуйне йичердиш вишийне абише йидкырдиш хьовгырдиш мелкашка тамаш лешур йишира шурук ушийден адыш йуьше кидишхьо кывылцардиший лелшура решение яваш мибишда йишир решила большой рыш шувбыр ишид вашув\\ гьакывгырдиш шиви къыхьырдиш вишир дальше] шуркуд шивийден мибише шуркумыд къурамиш иширдиш
з	117	cyrillic		азербайджанский знаю Мирзахан Азербайджан здесь)мида зад Харарзада оказывается=xʷa оказывается=xa зы значит] "зад азебайджанский [нрзб] зас сказка зыха значит], зыхьа дуьзена разговаривать Мирзахана нрзб называть хьарамзада зиярат израилед бизар Рамазан оказывается=xa, ваз зади "раз" лузур оказывается, зывас завершается, заключительные Азербайджана вызас за зад\\ зиярата зарафатбыр здесь(?) вязать оказывается миз зер завтра рази cезона жизникан язык разные раз изды зада
я	103	cyrillic		яхыр ряхат миъгякь аьрия хотя славянский йякьбыр дождя. давия мукьяды даъвия оказывается=xʷa оказывается=xa хьуляхды мия армянар гьая "пьяна" аая Говорят мукья ишидя яхьмиш вернуться някьакьды якобы "пьяный" зиярат гякъама гьая... ягъыр оказывается=xa, рякь гьятхыр. гякьыр яваш оказывается, хьяр дяхьа армянад завершается, язык хыля гьякъама давияла мыхя ящерица датхыдя зиярата гякьама укьля ая мя\\ вязать армян оказывается прямо я Горячий тиня рождения яхмиш свидания" компания.
б	101	cyrillic		азербайджанский бадана, чтоб та1бир Азербайджан синбыр кьа1ба экулбыр хьуб картабыр хьибыд сабайды сабай бейда кьа1баъ азебайджанский къубайде миъбыр абыр биийне буква арабыр был наоборот,] мибыр къоб саргьа1тбыр богатый были, джибра арабад зарафатбыр эбыр чутбыр большое! ошибка къинабыр абыр... спичкабыр кьа1ба, кьирбыр симбише кьаба спасибо буду хьабысаат йякьбыр чурдыбыр обедас абише лыхьдыбыр хыбда бас было, как-будто [нрзб] кьабаъад Наоборот, быса нрзб якобы бизар саънабай магьа1раба тинбайды хикбыр обычно мибишда Азербайджана большой чтобы шувбыр было. рангадбыр гьабыр обед хьибыр къирбыр (телебе мибише
ъ	98	cyrillic		къунды рыхъыд эгъидхуйне аъ хъуна миъгякь гьаъас къинады къацырдиш кьа1баъ къугъура веришаъас къат къубайде караъара миъбыр ваъ къурумиша къод гякъама ягъыр йиъи к1аъды къоб эгъеч1ур гьякъама къухе къаджир маъ къы1йид къинабыр дыъыр къыхьыр саъга къирмиша къадеше руъуд къы1не виъи даъвия г1/гьымыъ г1аъара къывытехьо му1къа выъыр къырыкь дуруъура (миъ кьабаъад даъави сеньъ ваъара къугъара къари саънабай рыхъа аъад къина диъи, къаравылди къор му1къуд даъвийед йиъид укъ руъура нийиъи къудер къыхьырдиш къатхыр лаъ къирбыр руъусы (йиъи) диъара къурамиш
ч	59	cyrillic		чтоб чулде гичьед йичердиш чир что чел чурдыбыр ученик) лойчир спичкаймыкан сечур значит] начать? начнём лючир гырче значит], лечур гекьечуйне чего эвчур фактически] хьевчуйне обычно кичирдиш эгъеч1ур спичкаед заключительные чтобы участник чутбыр эчур Значит] начала начальных Горячий удачно что] пыч спичкабыр чейлахьа
ж	56	cyrillic		азербайджанский саджиг1ил джу джуды Азербайджан джи дождя. джадалгад джигий джу\\ положила видж джигьил азебайджанский тоже джиг1илед юдж "уже" джер джус дождь джёр Азербайджана джугьул джибра дождь, къаджир джура саджигий уже рождения джукан ыыджигий жизникан джига жарим
п	51	cyrillic		спасибо первый специально капыр капыракан проиграт спор пфф пол- вступительные спичкаймыкан "пьяна" положила пророк кепейухьли туп сиптыр полугодавалый пир "пьяный" потом лупхас Инспектор проверка лупхур спичкаед аспахин кипхьыйне инспекторский спокойно типа, прямо письменность, сипхьуйне лап пыч перевал. спасат по-русски компания. пенсионат корпус спичкабыр
1	50	cyrillic		кьва1р саджиг1ил ра1к1на к1иркьыр та1бир кьа1ба къы1не mɨlʲa1ʔat г1а минку1м кьа1баъ г1/гьымыъ г1аъара му1къа г1ыкысе джиг1илед mɨslʲa1ʔat к1ыды му1к1а1 магьа1раба к1аъды саргьа1тбыр эгъеч1ур bo1bodid му1к1а1ды му1къуд сиг1ыд мык1а1рыш ыг1/гьыр г1акуйне къы1йид gi1χar г1ай χ1ibɨd йирк1ыр кьа1ба, выг1ыл
э	30	cyrillic		эми эгъидхуйне эвчур экед эквийир этого экулбыр эмисад экул эгъеч1ур гьэми этом эмид эбыр эдеми эхир эчур это это] этот эдемийра эминув
ю	17	cyrillic		вмешиваю, юдж отсюда знаю сюдкьуйне лючир заключительные дюлкьера сюдулкерий сюда
ц	17	cyrillic		йицыр цакьараг специально кывылцардиший йицыд цихил отец солнце ящерица къацырдиш
ё	10	cyrillic		верё\\ идёт джёр ещё верёвкой начнём всё
ф	8	cyrillic		фитна пфф фикыр селф\\ фактически] график зарафатбыр
Л	3	cyrillic		(Лера, (Лера:)
Р	2	cyrillic		Рутульский Рамазан
Х	2	cyrillic		Хватит? Харарзада
И	1	cyrillic		Инспектор
Ц	1	cyrillic		Целый
Э	1	cyrillic		Это
П	4	cyrillic		Последовательно По-вашему. Польше Первый
Д	3	cyrillic		Да, Давайте. Давай
Я	1	cyrillic		Я
Н	3	cyrillic		Наоборот, Ну На
[	49	delimiter		[jiij...], [had?] q[ɨrgara], [me [mib...] [...] [χana...] kala[ʁaj], [wse] [tu...] [...]. [tinʲa [χuˤlʲaχa [нрзб] [mid]. [ma...] [R [ǯi...] [unclear: [ruu...] im[R] [ǯudɨ]
]	48	delimiter		q[ɨrgara], вот] χukaχda] [mib...] [...] kala[ʁaj], [wse] или] значит] [...]. это] [нрзб] [mid]. [ǯi...] значит], [ruu...] im[R] [ǯudɨ] miʔ]. он] [jiij...], внимание.] фактически] [had?] а] наоборот,] и] [χana...] и...] [tu...] Значит] что] дальше] [ma...] А] gidiqʼɨra]
<	7	delimiter		<nrzb> <mada <χuʔgeheč'ur?> <self <?> ???<misa
>	7	delimiter		<nrzb> repair> <χuʔgeheč'ur?> kuχur> <?> uquχur>
*	5	delimiter		***) xujne* g*al
(	37	delimiter		(xa?) (jiq'a), (тут (vot), (ʁ)reč'ur (aʔ) (cat'bɨr e(?) (Лера, (aʔ ...(?) (миъ (wijaʔ (tʼa...) je(da) (laʔ?) (в (nazile игит( (xur) (йид) (nu?) здесь(?) (= (wuruura). (...) (ruʔud) (?) (телебе (slowa (са) (йиъи) (Лера:) (xur ede(mi)... (naverh)
=	239	delimiter		hišir=xʷa, liʔirxur=xʷa saχɨne=xʷa, ʁara=xa damašnij=ka, χɨlabɨr=xa nin=xa, hawɨr=xa lipxur=xa uʁal=kade hišijne=xa, kixis=xur raʔara=xʷa. huχut'i=xʷa, wuruʔurij=xʷa leqirxurdiš=xa. kasibar=ka ixiraj=xʷa, a=xʷa, lukud=xʷa wuʁagara=xʷa, ɢarinene=na setχɨr=xwa. sakar=xʷa, susus=xa had=xa saχɨr=xʷa, nišij=ka qiʁitxur=xʷa xujne=xa, jip'q'ɨra=xʷa. xur=xa. χamaba=xwa abgɨr=xʷa, duχ=xa babaj=xa waχtije=xʷa Вad=xa rešerij=xʷa Гьawɨr=xa hile=jden kičdilkara=xʷa irxur=xʷa, riʔij=xʷa, xur=xʷa χaj=xʷa, ruʔura=xʷa bustande=xa musulman=xa qarɨʔɨr=xʷa, Зɨ=xa habɨr=xʷa haasa=xa xur=xʷa, ruxarij=xʷa, xur=xwa... tinmɨd=xa χač'irχɨr=xʷa walɨg=xa ruxara=xa, ɢušim=xa qiq'asɨ=xur, оказывается=xʷa i=xʷa. dɨgɨrgarij=xʷa, ruxʷara=xa. kiχɨr=xwa, sutkür=xʷa, a=xʷa lipxur=xʷa, hušer=xa rišir=xʷa. dɨxɨjne=xʷa wazir=xʷa xur=xwa. riʔij=xʷa diʔij=xʷa, gjarɨrɢama=xwa, daʔarij=xʷa, hɨʔɨraj=xʷa raˁʁɨr=xʷa χaldɨ=ka. lüzür=xa aj=xʷa ixdɨ=xa zas=xa duruʔura=xa. xur=xʷa. dišir=xʷa. wuʁara=xʷa, dišijne=xʷa dišir=xʷa qilšir=xʷa aj=xʷa, wiširdiš=xʷa, χamaba=xwa. χač'irχɨjne=xʷa, ʁaʔ=xa wuʁara=xʷa maddɨbɨr=xa. ʁargʷara=xʷa, qac'ara=xʷa, waχtɨje=xʷa, Мibišda=xa surukladɨbɨr=xa, hildɨga=xa ʁaʔ=xʷa qiʁitxur=xa, ʁaj=xa razi= zad=xa hɨxɨr=xʷa, gʲaɢama=xʷa wiʔi=xa. zamaninde=xa wiʔij=xʷa. huʁal=qade. jiʔij=xʷa luzur=xʷa uu=xa. xur=xwa huxur=xwa. hišit'i=xʷa lukur=xʷa. xur=xa lešur=xʷa χɨnimer=xa ij=xʷa, dišir=xa sus=na hawɨr=xʷa, telman=xa hɨʔɨr=xwa kar=xa zɨ=xa lirxur=xa gjarɨrɢarij=xʷa. jakʷ=na war= had=xʷa paččaʁ=na maada=xʷa naˁχan=xa surukladɨbišdɨ=xa i=xur dɨxɨr=xʷa, оказывается=xa Гьɨmɨʔ=xa adgɨr=xʷa haʔarij=xʷa xur=xwa, ledqine=xa wazir=xa jɨʁa=xa Сetχɨr=xwa duruʔurij=xa. wišir=xʷa. xur=xabɨga оказывается=xa, nine=xʷa ʁubʁu=xa jazna=na qʲawad=i i=xa waʔas=xur ruʔura=xʷa, daˁʔwi=xʷa, hišir=xʷa uu=xa (= hɨʔɨr=xwa. ɢüšimara=xʷa hɨʔɨr=xʷa, xur=xa, lurkara=xa, raˁʁad=xa ɢari=na ɢarinene=xa huxur=xwa,
?	76	glossing		(xa?) Ustala? wišir\i-ma? χʷa? ma\?ga geRira\?g e(?) ha?arij <?> ima? la? eɣeč'ur? was? liwijne?), saʔ? mawa\?g Хватит? начать? haʔasdɨ? un? дыгараа?" ...(?) wada? šuw? wii? A? molitwɨ?) mi? ??? nin? ham\i-? (laʔ?) [had?] haama\?g hu\?g h\i-m\i-? sa\?g šiwi? ? ha\?gasijden mi\?g (nu?) lav\?g\i-r здесь(?) сторону? ???<misa haʔasɨma? riširama? h\i-w\i-dʲaq'u\?g wuru\?gura ti\?g la\?g (?) hac'ar\i-ma? ha?ara xur? Ra\?g <χuʔgeheč'ur?> kar?
:	19	replace	ː	ha:sa ma:had a:lad huχurχaj: waara: a:ladhʷa χala:d ǯigɨj: χulkara: diš: ma: (Лера:) [unclear: a: wa:
щ	5	cyrillic		ещё ploщadka, ploщadka ящерица wozwraщatь
М	5	cyrillic		Мухамад Мibišda=xa Мирзахан Мирзахана Мuˤɢuˤd
В	3	cyrillic		Вad=xa Вот
З	2	cyrillic		Значит] Зɨ=xa
,	754	punctuation		hɨʔɨdbajdɨ, hišir=xʷa, diʔi, qʼasdɨ, susuχda, nin=xa, raziwald\i-, huʔuna, bobodidɨs, huχut'i=xʷa, q'eldɨ, dišir, liwxij, leqʼečʼud, hɨɨdbaj, saχɨr=xʷa, aaraj, qɨdxɨr, xujne=xa, lešur, dewrindɨ, waʔagaxʷa, ǯilǯilim, byvaet, sɨq'ɨdʲaquʔ, jiʔi, gʲaɢɨr, telebe, lewšur, adišd\i-, riʔij=xʷa, qɨʔɨr, ruura, jiq'ɨr, gʲaqʼɨr, haja, hijiχda, qiq'asɨ=xur, kitxʷaj, )арака, riʔi, dɨgɨrgarij=xʷa, liwijne?), jazna, habɨr, wa, riši, ad\i-š, Наоборот, mibišikan, keqʼlitʼir, südq'ɨra, haʔxʷa, hɨgatʼi, diʔij=xʷa, gjarɨrɢama=xwa, daʔarij=xʷa, leqečʼujne, хватит, q'asdɨ, argɨr, письменность, deduškaes, ruʔut'i, wezari, jidʁɨr, insanadšdɨ, бадана, Mirzaχaɨs, (vot), χana, iddɨ, misa, qac'ara=xʷa, ban, aqʼʷɨɨr, kixir, hetin, lɨʔɨr, значит], awɨr, gʲaɢara, zad, rišira, delajet, biʔira, hišiga, hawɨr=xʷa, heeeej, jišine, (jiq'a), jiʔe, jirq'ɨr, baba, leqečʼur, χaraʔari, hɨˤχdɨ, k'ɨb, wišira, xur, kiǯikad, qɨwɨjne, abʁurij, ima, paččahašda, suzmaud, qʼak, kef, jed, ватан, hɨkɨsɨ, haj, диъи, quʔ, wii, seqečʼur, ʁeqeč'ur, liwxir, hawɨr, waʔara, Haj, dɨq'ɨrq'ara, gag, hišidʲaquʔ, ǯilɨs, laʁɨr, edemi, luquzur, huxur=xwa, skazka, mesjaca, mal, damašnij=ka, jiɣc'ɨr, hanowɨs, ʔi, uboršʲitsawalikun, rɨˁχɨra, hišijne=xa, qapǯej, xele, ixiraj=xʷa, duruʔurij, tʼak, haara, lečʼur, dɨxɨr, sen, wɨʔɨr, hukur, cʼaj, были, plow, ab\i-rl\i-, mija, типа, ač'ipxa, walɨg, keʁijir, jeχɨr, irxur=xʷa, вот, gʲaɢama, haʔasadbišdɨ, haarij, gedɢir, gedɢira, eqečʼu, xurxʷa, acʼɨranijii, sewčʼur, setir, jiχir, gʲaqʼɨd, qawɨɨr, rodstvenniker, lawurt'ura, siphurixe, ǯilis, kiχɨr=xwa, suqʼur, kar, irajχän, такой, gedeɢxurxʷa, čuldja, lipxur=xʷa, haˤɢ, gadijed, fartʼukʼ, sus, man, iqixir, akoetara, ij, jišir, sirgara, duχ, sedʁür, ruʔurdiš, sečuˤr, q'irk'ɨr, ruʔuri, aj=xʷa, gʲaʁɨr, χač'irχɨjne=xʷa, minowa, adiš, q'aʔara, hutxʷaj, χɨnimer, qidq'ɨr, ɢušim, amadišna, aniʔi, wiχɨr, ʁad, hargujne, edemijera, oj, hɨʔɨr, Azerbajǯan, завершается, ruxarij, ej, did, ij=xʷa, subq'ura, ǯigɨj, jii, leqešur, šuw, leqeršur, i, dülqera, dɨxɨr=xʷa, dišijxʷa, ǯɨgɨj, sartara, rišijne, iwilxera, waara, χɨle, ʁukujne, liwχir, spirt, hɨgadi, да, saždɨji, dišine, cʼeja, gaˤšdɨ, jiχera, qiiga, hɨwɨr, mada, daˁʔwi=xʷa, hɨgardɨš, ponʲatno, haa, aga, jiq'era, lahɨr, qudʁuˁra, aqɨɨr, ploщadka, χɨnχɨra, jakʷas, lurkara=xa, eqečʼur, qɨwɨlc'ara, saχɨne=xʷa, sitxujnexʷa, ʁagʷara, ratχarij, q'ad, qɨtxɨne, lipxura, jɨʁɨrmɨd, a=xʷa, wuʁagara=xʷa, tʼaka, sakar=xʷa, karzina, jɨˤʁ, χuk, u|rxud, haburʁan-baburʁan, lukur, ʁagʷardišij, ǯuu, abgɨr=xʷa, ǯukan, luʁujnexʷa, šuwna, ruχara, liqiwxir, lart'ura, rɨˤqʼaˤ, χaˤlʲaxʷa, χajma, kowχa, Uraza-bajram, χaj=xʷa, qʼaˤtχɨˤr, hudxutʼixurxʷa, agɨne, jiq'ir, hubgaj, zaχda, šɨw, hɨʔir, ma|Rʷ, h\i-\i-r, biir, xur=xʷa, ruxarij=xʷa, miʔ, haʔad, waχtinde, gospitale, ruxara=xa, lewšus, rɨš, tiь, qʼaˤsdɨ, hɨxɨr, mitinbɨrxʷa, lilχera, hɨɨr, wallaʔ, howgur, [jiij...], xurxa, sitxur, ɨˤwχɨˤr, jalow, seqʼečʼur, hanowdɨ, qiriš, waχɨrijden, wiširdiš=xʷa, dagulɨdi, ruʔura, babaj, naˁχan, q[ɨrgara], liwirχera, sepej, ʁargʷara=xʷa, jet\i-r, haqʼxurxʷa, hanowus, diši, waχtɨje=xʷa, surukladɨbɨr=xa, jiijden, babaje, qiʁitxur=xa, Да, hawɨrajxa, jaʁara, dɨq'ɨrq'atixʷa, hɨʔɨdʲaquʔ, silχera, "waʔ, tinʲa, mid, haˤtχɨˤr, q'el, madaniʔi, lešudid, χulk'ara, ruʔusɨ, ǯesuqwaj, qiq'asɨ, χud, wɨlcʼara, hɨɨjne, mibɨr, dišijne, zapomni, kʲaqlɨʔɨr, armenin, welosipeda, momenta, qʼaara, liwχidʲaquʔ, kande, quc'ur, xʷa, ʁaʔ, улей, wiilera, wɨr-wɨr-wɨr, tiʔ, šalbɨr, Azerbajǯana, wiʔi, qaʔara, xuwad, juše, ara, ǯehilešdɨ, tɨχɨr, оказывается=xa, wɨlc'ara, оказывается, jik'ʲaudχur, χɨnχɨrɨ, nes, utxujne, hargʷara, waʔarij, huxura, ledübʁürij, jɨˤwχɨˤr, uu, riʔinaʔa, u, hɨʔɨr=xʷa, waʔasɨ, ʁedgüne, jirqʼɨr, haˤrχɨˤr, q'ɨla, q'war, huš, gʲahɨrne, waʔ, wišir, jiʔiga, gine, χɨˤr, diʔij, t'at'al, duruura, Idɨlʲ-adxa, misad, haʔarij, ruurd\i-š, lebčura, badana, waxtinde, наоборот,] daʔat'ij, saʔ, ǯalgɨr, дождь, hɨχɨr, ruxaraxʷa, dɨkɨsɨ, hagujne, ǯigij, gɨˤrχɨˤr, ǯɨgad, ruxʷara, duruʔura, aqʼɨɨr, кьа1ба, leqʼečʼur, hišir, hišira, kɨšniš, a, hemidduqun, maˤlimara, qarɨʔɨr=xʷa, wisira, kiwɨχara, qʼawɨɨr, χač'irχɨr, waʔa, hawɨdʲaquʔ, gruzin, sutkür=xʷa, xɨdɨlnowa, riiga, ruxara, xa, saqahur, šuwdɨ, χɨnɨχ, eqečʼujne, Hej, haasa, qawaʔara, qaraʔara, wuʁara=xʷa, giǯirxara, si, laʔara, jirqʼɨrijden, вмешиваю, diš, hargur, qʼɨwɨjne, qiʁipxura, sač'ipxa, jišidilaqu, mibišiχda, acʼɨd, χaqɨna, hɨxɨr=xʷa, hatʼi, haʔarijxʷa, xelekande, haʔasɨ, qɨwɨrne, arɨrgara, ну, lixir, lat'ur, jiχɨˁr, xurχa, ruxʷaraxʷa, juǯ, dibir, riširama, haʔara, luwkur, huc'ur, tine, χɨˤrbɨr, (Лера, rodstvenniki, kala[ʁaj], было, wkusnɨj, waʔasijden, xur=xwa, jirqʼɨjne, wurχaga, qɨxɨr, xujne, qɨɨr, Nizir-baba, xibɨr, haǯargʷad, qidina, patom, ruʔura=xʷa, χɨˤrbɨrad, paččahaχda, χukala,χɨˤrbɨr xur=xa, sabʁura, dišij, edübʁürdišij, aara, hɨʔɨne, deduška, Allaχ, arɢɨr, χowɨrɢara,
.	741	punctuation		dahar. karzinae. lilxera. tʼak. hɨkɨsɨ. jiij. hɨʔɨr. raʔara=xʷa. dišij. leqirxurdiš=xa. juǯ... Waʔ. Xajir. surukladɨbɨr. bagažnik. kar... ...(?) gehipxura. setχɨr=xwa. dülqera. šuwruura... qasɨr. sejira. neno... saˤqaˤbhura. madaniʔi. diš. ixujne. kaldɨ... xus. haʔat'ij. qoˤʁoˤra. [χana...] xur=xa. hɨʔɨbɨr. no... aχarij. sedübʁurdišij. wuruʔura. χukala). kardis. hiqwirgarij. miʔ... ʁagʷaddišij. etot... kʲaqʼlaaraj. Xujne... hawɨr. hajila... eqijir. χuka. ʁowurgʷara. jitʼqʼɨr. χɨˤrbɨr... jiχeˁra. i=xʷa. haj. [...]. argara. haʔara. oj... ... [ǯi...] [ruu...] ʁagujne. sirgara. ruxura. q... [jiij...], adiš. haˤrχɨˤr. jirq'\i-r. qʼüdhüra. xur=xwa. ǯɨwɨr. išuw. sečur. hɨkɨsijden. ʁaʔ. aqɨɨr. χaldɨ=ka. ara. diʔixʷa. xur=xʷa. mabdiš. dɨkɨsijden. uu... i. компания. χamaba=xwa. Аа. wɨʔɨr. awurʁurij. gadi... habišda. hac'ara. maddɨbɨr=xa. rɨˤɢaˤ... gitʼɨd. χɨˤb... qʼaˤrχɨˤr. xele... iles.) d... rɨˤɢ... gʲaqʼɨr. ɢudar. qudhura. tɨbč'imɨ. lowɨrkɨr. kumag. tiʔ. laˤjirχara. a. jišine. wiʔi=xa. hammeše. lewšur. wiʔij=xʷa. huʁal=qade. uu=xa. minuw... susdɨ... had. rangakʲ. haʔari. xa. kirxad. howuˤrhara. xʷa. kirx... kaldɨ. qaˤtχɨˤr. qiina... keʁi... walgad. χɨlijexʷa. cʼihiχda. (...) (wuruura). qʼuˤdʁuˤra. šiwijden. dii. ha... gdeta... маде... ede(mi)... χɨˤrbɨr. . qɨwɨr. kʲaqlawad. дождя. dumaju... χ... qawɨɨraj. nu... min... muˤɢ. surubq'urij. rii. xujne. hagʷara. luwurkara. kuda. mid... wiilera. wišir=xʷa. sipxura. xur. edemi. gʲaʁɨne... juš... haʔarajden. gɨˤrɨpχɨˤra. hišir. hɨʔɨr=xwa. χɨle...) daˁʔwija. riid. xibnowɨs. haaraj. luwkur. χɨle. mmm... hagur. ejirgara. paččahad... minowdaa... aʁabχura. raˤɢ... условно. hanowdɨ. qʼak. lurkara. raˤq. saˤbhüra. wse. [mib...] Давайте. qaardiš. bɨχče... mabdišdɨ. kina. nine... wiʔi. hanowus... kišixda. etim. lukur. hana. leqirir. čʼelikʷan. jerxur. ǯudubɨr. saˤhuˤra. tiʔ... mu|q'a... kʲaʔara. jidqʼɨr. quʔ... jip'q'ɨra=xʷa. edejmijed. jii. gʲaqaɢardiš. hišira. По-вашему. paččahada. cʼiʔ. qirqʼɨr. aniʔi. абыр... hutxutʼixur. agɨr. klassad. momenta... qawaʔara. gruzin... вода. quʁuˁra. lat'ur. ani. saʔ. huruʔura. riq'iraman. [...] waaraj. xur=xwa... sus. haara. ǯibra... sienabɨr. ruʔura. silχera. ruxʷara=xa. süd... ahabʁura. jiijden. ubli... kinoeχda. dišir. (tʼa...) insan. rišir=xʷa. ma. maan. algara. x... niʔijid. on. luw... latʼur. eχir. lebčura. perewal. xed. bobodid. zapomni. duruʔura=xa. wiʔij. dišir=xʷa. ʁaǯagujne. nekʲah. hun. lʲaqʼaˤbhuˤra. ʁamadiš. bobodid... ad... и.. laχara. wiʔixa. ijulʲ... rɨš. hawɨr... waara. nes... uu. wɨgara. qaχɨraj. tin. welosipedakan. dawat. cʼihikʷan. kʲaaraj. умер. tʼaka. qɨwɨlcʼara. litxur. ruʁudbɨr... naq'. miʔ]. vot. rɨgɨrgara. laʔara. jiʔi. ɢarinene... гьая... kʲaqlawaraniwii. χɨnɨχ. qɨʔɨr. lixir. ad. huxur=xwa. kʲaʁʷaara. lukur=xʷa. madiš. и...] hɨgatʼi. [tu...] jišira. misa. qʼʷaˤb. qaʔara. jišinexa... xaanijii. ilera. zɨ... xibnowus. χalɨχdanabaj. waʔara. [ma...] ǯudu. ruxʷara. xud... madišij. gjarɨrɢarij=xʷa. liqixir. haaranijii... наливали. maʔardiš. rurura. uš... hɨwɨraj. har... waχtinde. zas. qühüra. ruxara. hac'aradiš. [mid]. insanar. waχtinde... daže... wiʔi... ixdɨ... mid. ǯigɨj. duruʔurij=xa. aʔara. χač'irχara. wiširaj. внимание.] xaʔxʷa. гьятхыр. duruʔura. χɨˤr. tiь. haarij. ruxaraxʷa. q'irq'\i-r. было. etek. kʲahɨɨdeka. ʔi. kʲaqlawara. dɨwɨlcʼara. hɨɨra. ejirgara... hɨwɨr. maddɨ... перевал. šahadwalikan. welosipedas. χana. hilʲatχɨˤrijden. giǯ.
)	37	punctuation		(xa?) (jiq'a), (vot), (ʁ)reč'ur (aʔ) здесь)мида e(?) iles.) ученик) )арака, liwijne?), ...(?) waχt) h)aʁowus molitwɨ?) (tʼa...) je(da) mibɨr) (laʔ?) (xur) (йид) (nu?) здесь(?) χukala). ***) (wuruura). χɨle...) (...) (ruʔud) (?) (са) (йиъи) (Лера:) ede(mi)... слова) (naverh)
/	35	punctuation		na// lɨzɨ// xub// ыг1/гьыр // zɨ// a// jak// г1/гьымыъ / s// min// al// xu//
"	28	punctuation		пьяный "уже" "раз" hɨradi" "o hɨkɨsdɨdišij" "давай" "зад "пьяна" "a χakaq'" kurmasɨn" дыгараа?" свидания" "до "esli "waʔ, "šuw qurʁusdiš"
!	4	punctuation		большое! xur! guzel!
\	0	delimiter		
-	0	delimiter		
;	1	punctuation		1
'	ʼ	replace	0	