audio_path,transcript,textgrid_path,tier_name,interval_id
processed_data/Rutul/Gold/segments/kna_2019_07_msrt_1978_segment0.wav,uq ºul ≤a zamanindexa …¢arp…®zawadidde sa  î uÀ§lkije patÕ° Éahna patÕ° Éahad  Éuw wazir je Éemi É duru îurijx ∑a,data/Rutul/Gold/kna_2019_07_msrt_1978.TextGrid,@msrt1978_Transcription-txt-rut,1
processed_data/Rutul/Gold/segments/kna_2019_07_msrt_1978_segment1.wav,mi patÕ° Éahara …¢ari qar…® î…®rx ∑a …¢ari qar…® î…®r œá…®nimer di Éirx ∑a,data/Rutul/Gold/kna_2019_07_msrt_1978.TextGrid,@msrt1978_Transcription-txt-rut,2
processed_data/Rutul/Gold/segments/kna_2019_07_msrt_1978_segment2.wav,ham…® î œá…®nimer sahaÀ§l eke di Éijnex ∑a habi Ée mi î ti î uÀ§lkima daÀ§ îwib…®r ha îasd…® d…®g…®rgarijx ∑a œáaÀ§r da îarijx ∑a,data/Rutul/Gold/kna_2019_07_msrt_1978.TextGrid,@msrt1978_Transcription-txt-rut,4
processed_data/Rutul/Gold/segments/kna_2019_07_msrt_1978_segment3.wav, Éuwna daÀ§ îwi wa îasijden  Éuwna v…®jgrat d…®k…®sijden,data/Rutul/Gold/kna_2019_07_msrt_1978.TextGrid,@msrt1978_Transcription-txt-rut,5
processed_data/Rutul/Gold/segments/kna_2019_07_msrt_1978_segment4.wav,hemijaÀê sa uÀ§lkije sytkyrx ∑a d…®x…®rxa sytkyr d…®x…®jnex ∑a minowda ju…£ur duœáxa œáajx ∑a wazirxa ji îijx ∑a dÕ° íudu,data/Rutul/Gold/kna_2019_07_msrt_1978.TextGrid,@msrt1978_Transcription-txt-rut,7
processed_data/Rutul/Gold/segments/kna_2019_07_msrt_1978_segment5.wav,dÕ° íudu …¢u Éimxa wi îijx ∑a,data/Rutul/Gold/kna_2019_07_msrt_1978.TextGrid,@msrt1978_Transcription-txt-rut,9
processed_data/Rutul/Gold/segments/kna_2019_07_msrt_1978_segment6.wav,mi …¢u Éim  Åa î suru tÕ° Éulde abg…®rx ∑a mib…®r a î sa babaje q ºaÀ§sd…® …¢arinenejra a î ses haw…®rx ∑a,data/Rutul/Gold/kna_2019_07_msrt_1978.TextGrid,@msrt1978_Transcription-txt-rut,10
processed_data/Rutul/Gold/segments/kna_2019_07_msrt_1978_segment7.wav,jekan xurx ∑a hemij xibd…® juq ºd…® j…® Åa sydq ºe xurx ∑a,data/Rutul/Gold/kna_2019_07_msrt_1978.TextGrid,@msrt1978_Transcription-txt-rut,11
processed_data/Rutul/Gold/segments/kna_2019_07_msrt_1978_segment8.wav,mi …¢arinenejes mi patÕ° Éahara zar karxa w…®ltÕ°s ºara iled raÀ§ Åadxa h…®œád…® h…®w…®r hemi …¢arinenejekan subq ºura,data/Rutul/Gold/kna_2019_07_msrt_1978.TextGrid,@msrt1978_Transcription-txt-rut,12
processed_data/Rutul/Gold/segments/kna_2019_07_msrt_1978_segment9.wav,mid …¢arinene aÀ§q ºall…® x…®d…®ld…® ri îijxa min mijila minowus begemi É ri Éirx ∑a,data/Rutul/Gold/kna_2019_07_msrt_1978.TextGrid,@msrt1978_Transcription-txt-rut,13
processed_data/Rutul/Gold/segments/kna_2019_07_msrt_1978_segment10.wav,hemid sa naÀ§œáan aÀê lukudxa  Åa îxa eee,data/Rutul/Gold/kna_2019_07_msrt_1978.TextGrid,@msrt1978_Transcription-txt-rut,14
processed_data/Rutul/Gold/segments/kna_2019_07_msrt_1978_segment11.wav,daÀ§ îwi axa minowd…® …¢u Éimakan jidq º…®r kitÕ° Édilqaraxa madd…®b…®rxa,data/Rutul/Gold/kna_2019_07_msrt_1978.TextGrid,@msrt1978_Transcription-txt-rut,16
processed_data/Rutul/Gold/segments/kna_2019_07_msrt_1978_segment12.wav,mij v…®igrat di Éirx ∑a mib…®r la î xu nu ki Åitxurx ∑a dÕ° íudub…®r rak  Åa î siga,data/Rutul/Gold/kna_2019_07_msrt_1978.TextGrid,@msrt1978_Transcription-txt-rut,18
processed_data/Rutul/Gold/segments/kna_2019_07_msrt_1978_segment13.wav,dÕ° íibra maÀêdaxa haÀêsa ru îurax ∑a mi  Éumud j…® Å ixa,data/Rutul/Gold/kna_2019_07_msrt_1978.TextGrid,@msrt1978_Transcription-txt-rut,20
processed_data/Rutul/Gold/segments/kna_2019_07_msrt_1978_segment14.wav,ham…® î sa naÀ§œáanxa mid patÕ° Éah saœá…®jnexa patÕ° Éahas naq º  Åarg ∑araxa,data/Rutul/Gold/kna_2019_07_msrt_1978.TextGrid,@msrt1978_Transcription-txt-rut,21
processed_data/Rutul/Gold/segments/kna_2019_07_msrt_1978_segment15.wav, Åa î sik º ≤ luw Åurax ∑a hu Åalqade,data/Rutul/Gold/kna_2019_07_msrt_1978.TextGrid,@msrt1978_Transcription-txt-rut,22
processed_data/Rutul/Gold/segments/kna_2019_07_msrt_1978_segment16.wav,mij fik…®rde irxurx ∑a mid  Éiw ijden xurx ∑a,data/Rutul/Gold/kna_2019_07_msrt_1978.TextGrid,@msrt1978_Transcription-txt-rut,23
processed_data/Rutul/Gold/segments/kna_2019_07_msrt_1978_segment17.wav,sik º ≤ luw Åun xurx ∑a hu Åalqade sik º ≤ wu Åaraxa  Åa î,data/Rutul/Gold/kna_2019_07_msrt_1978.TextGrid,@msrt1978_Transcription-txt-rut,24
processed_data/Rutul/Gold/segments/kna_2019_07_msrt_1978_segment18.wav,tÕ° É ºirtÕ° É ºik sik ºira atÕ°s º…®rax ∑a,data/Rutul/Gold/kna_2019_07_msrt_1978.TextGrid,@msrt1978_Transcription-txt-rut,26
processed_data/Rutul/Gold/segments/kna_2019_07_msrt_1978_segment19.wav,haÀê  Åa î  ÅeqetÕ° É ºur la î luzurx ∑a jak ∑as tÕ° Éej kar raÀ§ Å…®rxa minow mi q ºaÀ§sd…® …¢arinenejeœáda a î ses wa îara,data/Rutul/Gold/kna_2019_07_msrt_1978.TextGrid,@msrt1978_Transcription-txt-rut,28
processed_data/Rutul/Gold/segments/kna_2019_07_msrt_1978_segment20.wav,haj q ºaÀ§sij rux ∑ara hemid  Éuwna hi Éir ruxara,data/Rutul/Gold/kna_2019_07_msrt_1978.TextGrid,@msrt1978_Transcription-txt-rut,29
processed_data/Rutul/Gold/segments/kna_2019_07_msrt_1978_segment21.wav,zas ju Ée jaku Éir naq º hi Éirdi É ruxara,data/Rutul/Gold/kna_2019_07_msrt_1978.TextGrid,@msrt1978_Transcription-txt-rut,30
processed_data/Rutul/Gold/segments/kna_2019_07_msrt_1978_segment22.wav, Åa î sik º ≤ wu Åat ºi xur xujne ruxara,data/Rutul/Gold/kna_2019_07_msrt_1978.TextGrid,@msrt1978_Transcription-txt-rut,31
processed_data/Rutul/Gold/segments/kna_2019_07_msrt_1978_segment23.wav,hu É haj patÕ° Éah rux ∑ara had sik º ≤ ruxara w…®d…® wazirara w…® reœáe ha îara rux ∑ara,data/Rutul/Gold/kna_2019_07_msrt_1978.TextGrid,@msrt1978_Transcription-txt-rut,33
processed_data/Rutul/Gold/segments/kna_2019_07_msrt_1978_segment24.wav,had sik º ≤ m…®tÕ° Éeb i  Åa î hu Åad ruxara,data/Rutul/Gold/kna_2019_07_msrt_1978.TextGrid,@msrt1978_Transcription-txt-rut,34
processed_data/Rutul/Gold/segments/kna_2019_07_msrt_1978_segment25.wav,w…®d…® …¢u Éimeraxa w…® reœáe ha îara rux ∑ara,data/Rutul/Gold/kna_2019_07_msrt_1978.TextGrid,@msrt1978_Transcription-txt-rut,35
processed_data/Rutul/Gold/segments/kna_2019_07_msrt_1978_segment26.wav,habi Ée wadaÀê zar kar lebtÕ° Éura jaÀê napadenije h…® î…®ra kar i xur,data/Rutul/Gold/kna_2019_07_msrt_1978.TextGrid,@msrt1978_Transcription-txt-rut,36
processed_data/Rutul/Gold/segments/kna_2019_07_msrt_1978_segment27.wav,hahat ºi xurx ∑a,data/Rutul/Gold/kna_2019_07_msrt_1978.TextGrid,@msrt1978_Transcription-txt-rut,37
processed_data/Rutul/Gold/segments/kna_2019_07_msrt_1978_segment28.wav,jaœátÕ° Éi xurx ∑a w…® gi Åixir suq º ∑a xurx ∑a,data/Rutul/Gold/kna_2019_07_msrt_1978.TextGrid,@msrt1978_Transcription-txt-rut,38
processed_data/Rutul/Gold/segments/kna_2019_07_msrt_1978_segment29.wav,mijaÀê minowa mi wazir hu Éerxa nakazat had…®rxa mid  Éuw hi Éijnexa,data/Rutul/Gold/kna_2019_07_msrt_1978.TextGrid,@msrt1978_Transcription-txt-rut,40
processed_data/Rutul/Gold/segments/kna_2019_07_msrt_1978_segment30.wav,minow ruxardi É …¢arinenejera izd…®  Éuw razgadat h…® î…®r xur naq º,data/Rutul/Gold/kna_2019_07_msrt_1978.TextGrid,@msrt1978_Transcription-txt-rut,41
processed_data/Rutul/Gold/segments/kna_2019_07_msrt_1978_segment31.wav,qud j…® Åaxa aÀê lurkaraxa hej  Åa îxa ubul wu Åaraxa ubul wu Åaraxa,data/Rutul/Gold/kna_2019_07_msrt_1978.TextGrid,@msrt1978_Transcription-txt-rut,43
processed_data/Rutul/Gold/segments/kna_2019_07_msrt_1978_segment32.wav,minow xurx ∑a hemid  Éuw naq º ijden xurx ∑a,data/Rutul/Gold/kna_2019_07_msrt_1978.TextGrid,@msrt1978_Transcription-txt-rut,44
processed_data/Rutul/Gold/segments/kna_2019_07_msrt_1978_segment33.wav,saœá…®rx ∑a jak ∑as jak jak ∑na jy É atÕ° É…®œá ru îura dÕ° íu ÅuÀ§ra la î luzurx ∑a iled raÀ§ Åad h…® î…®rx ∑a …¢arinene gyzet ra îaraxa,data/Rutul/Gold/kna_2019_07_msrt_1978.TextGrid,@msrt1978_Transcription-txt-rut,45
processed_data/Rutul/Gold/segments/kna_2019_07_msrt_1978_segment34.wav,…¢arinene jirq º…®rx ∑a haj hu É xurx ∑a babaj his zas hemisad naq º  Åarg ∑ara xujne xurx ∑a,data/Rutul/Gold/kna_2019_07_msrt_1978.TextGrid,@msrt1978_Transcription-txt-rut,46
processed_data/Rutul/Gold/segments/kna_2019_07_msrt_1978_segment35.wav, Åij Åa xurx ∑a hasad insanar …¢u Éim w…®q ºas…® xurx ∑a,data/Rutul/Gold/kna_2019_07_msrt_1978.TextGrid,@msrt1978_Transcription-txt-rut,47
processed_data/Rutul/Gold/segments/kna_2019_07_msrt_1978_segment36.wav,w…®d…® …¢u ÉimaÀê napadenije ha îas…® xurx ∑a,data/Rutul/Gold/kna_2019_07_msrt_1978.TextGrid,@msrt1978_Transcription-txt-rut,49
processed_data/Rutul/Gold/segments/kna_2019_07_msrt_1978_segment37.wav,no w…®d…®b…®r  Éuw sil ≤n…®jer d…®k…®s…® xurxa,data/Rutul/Gold/kna_2019_07_msrt_1978.TextGrid,@msrt1978_Transcription-txt-rut,50
processed_data/Rutul/Gold/segments/kna_2019_07_msrt_1978_segment38.wav,nu tipa diri d…®k…®s…® xurx ∑a,data/Rutul/Gold/kna_2019_07_msrt_1978.TextGrid,@msrt1978_Transcription-txt-rut,51
processed_data/Rutul/Gold/segments/kna_2019_07_msrt_1978_segment39.wav,hajaÀê sa karxa mi aÀê lukurx ∑a,data/Rutul/Gold/kna_2019_07_msrt_1978.TextGrid,@msrt1978_Transcription-txt-rut,52
processed_data/Rutul/Gold/segments/kna_2019_07_msrt_1978_segment40.wav,haÀêsaxa hi Éirxa sa waœátijexa lipxurx ∑a madd…® …¢u Éim minowd…® a  Éuw r…®wq ºa wa îas xur minowd…® …¢u Éim wi Éirdi Éx ∑a minowd…® …¢u Éim diri wi Éirx ∑a,data/Rutul/Gold/kna_2019_07_msrt_1978.TextGrid,@msrt1978_Transcription-txt-rut,54
processed_data/Rutul/Gold/segments/kna_2019_07_msrt_1978_segment41.wav,hajaÀê qu î hamid …¢arinene qud ÅuÀ§ra mib…®r mi tÕ° Éuld ≤aÀê mi …¢arinenexa minow dÕ° íukan r…®g…®rgara,data/Rutul/Gold/kna_2019_07_msrt_1978.TextGrid,@msrt1978_Transcription-txt-rut,56
processed_data/Rutul/Gold/segments/kna_2019_07_msrt_1978_segment42.wav,sa haÀêsa mi uÀ§lkije ti uÀ§lkije duru îuraxa,data/Rutul/Gold/kna_2019_07_msrt_1978.TextGrid,@msrt1978_Transcription-txt-rut,57
processed_data/Rutul/Gold/segments/kna_2019_07_msrt_1978_segment43.wav,minowd…® …¢u Éimxa ki Åipxura minowd…® wazirxa jiq ºera minowd…® œá…®nimerxa d…®q º…®rq ºara algara sa hemi edemi,data/Rutul/Gold/kna_2019_07_msrt_1978.TextGrid,@msrt1978_Transcription-txt-rut,59
processed_data/Rutul/Gold/segments/kna_2019_07_msrt_1978_segment44.wav,akaz…®vajetÕ°saxa mi patÕ° Éah hi Éir ax ∑a bedÕ° ína huœáut ºix ∑a hadxa œáatÕ° É ºirœá…®rx ∑a,data/Rutul/Gold/kna_2019_07_msrt_1978.TextGrid,@msrt1978_Transcription-txt-rut,60
processed_data/Rutul/Gold/segments/kna_2019_07_msrt_1978_segment45.wav,had œáatÕ° É ºirœá…®jnexa mid sa patÕ° Éahara hil ≤aijden di îid …¢u Éimara le Éurx ∑a,data/Rutul/Gold/kna_2019_07_msrt_1978.TextGrid,@msrt1978_Transcription-txt-rut,62
processed_data/Rutul/Gold/segments/kna_2019_07_msrt_1978_segment46.wav,had haÀêsa eke hi Éir had ust ºul hanowda h…®w…®d wi Éir ani wi îi,data/Rutul/Gold/kna_2019_07_msrt_1978.TextGrid,@msrt1978_Transcription-txt-rut,63
processed_data/Rutul/Gold/segments/kna_2019_07_msrt_1978_segment47.wav,hemid sa uÀ§lkije h…®x…®rxa madd…® minowd…® …¢u Éim sin œá…®nimerxa ke Åitxurxa …¢arinenena mid adg…®rxa,data/Rutul/Gold/kna_2019_07_msrt_1978.TextGrid,@msrt1978_Transcription-txt-rut,65
processed_data/Rutul/Gold/segments/kna_2019_07_msrt_1978_segment48.wav,d…®x…®r uÀ§lkije xurx ∑a minowa misa eœátilet kar ha îara,data/Rutul/Gold/kna_2019_07_msrt_1978.TextGrid,@msrt1978_Transcription-txt-rut,66
processed_data/Rutul/Gold/segments/kna_2019_07_msrt_1978_segment49.wav,akaz…®vajetÕ°sa minowd…® nin ad uÀ§lke wi Éira,data/Rutul/Gold/kna_2019_07_msrt_1978.TextGrid,@msrt1978_Transcription-txt-rut,67
processed_data/Rutul/Gold/segments/kna_2019_07_msrt_1978_segment50.wav,nin mid nesd…® waœátije  Åidirgat ºi haÀêsad na naru Éenijeb…®r h…® î…®b…®r,data/Rutul/Gold/kna_2019_07_msrt_1978.TextGrid,@msrt1978_Transcription-txt-rut,68
processed_data/Rutul/Gold/segments/kna_2019_07_msrt_1978_segment51.wav,muÀ§…¢ ∑aÀê v…®selit da îat ºij kar ha îat ºij,data/Rutul/Gold/kna_2019_07_msrt_1978.TextGrid,@msrt1978_Transcription-txt-rut,69
processed_data/Rutul/Gold/segments/kna_2019_07_msrt_1978_segment52.wav,minowd…® nin ri Éira ad aq…®bi Éd…® r…® É hajila,data/Rutul/Gold/kna_2019_07_msrt_1978.TextGrid,@msrt1978_Transcription-txt-rut,70
processed_data/Rutul/Gold/segments/kna_2019_07_msrt_1978_segment53.wav,ad aq…®bi Éd…® r…® É ri Éira mid bedÕ° í h…® î…®ra xujne pazorna ji îij maÀên,data/Rutul/Gold/kna_2019_07_msrt_1978.TextGrid,@msrt1978_Transcription-txt-rut,71
processed_data/Rutul/Gold/segments/kna_2019_07_msrt_1978_segment54.wav,aÀ§jibad g ∑alaœá wi îij,data/Rutul/Gold/kna_2019_07_msrt_1978.TextGrid,@msrt1978_Transcription-txt-rut,72
processed_data/Rutul/Gold/segments/kna_2019_07_msrt_1978_segment55.wav,hajila mi nine  Éuw ha îara nine nind…®  Åara xu î œáad ti patÕ° Éaha Éd…® habi Ée had le Éur œá…®n…®œá œáatÕ° É ºirœáara,data/Rutul/Gold/kna_2019_07_msrt_1978.TextGrid,@msrt1978_Transcription-txt-rut,74
processed_data/Rutul/Gold/segments/kna_2019_07_msrt_1978_segment56.wav,ha œá…®n…®œá œáatÕ° É ºirœá…®jne algara madd…® patÕ° Éaha Éda haÀêsa hi Éit ºixa had œá…®n…®œá,data/Rutul/Gold/kna_2019_07_msrt_1978.TextGrid,@msrt1978_Transcription-txt-rut,75
processed_data/Rutul/Gold/segments/kna_2019_07_msrt_1978_segment57.wav,ham…® î mid nin…®s qatÕ°s ºaraxa mid uÀ§lkije h…®x…®r ninxa,data/Rutul/Gold/kna_2019_07_msrt_1978.TextGrid,@msrt1978_Transcription-txt-rut,77
processed_data/Rutul/Gold/segments/kna_2019_07_msrt_1978_segment58.wav,hu É ri îijxa pravitel ≤ ri îijx ∑a madd…® uÀ§lkijed,data/Rutul/Gold/kna_2019_07_msrt_1978.TextGrid,@msrt1978_Transcription-txt-rut,78
processed_data/Rutul/Gold/segments/kna_2019_07_msrt_1978_segment59.wav,mid œá…®nœá…®d ji îi uÀêxa gardana uÀêxa l…® Éan  Åajxa,data/Rutul/Gold/kna_2019_07_msrt_1978.TextGrid,@msrt1978_Transcription-txt-rut,79
processed_data/Rutul/Gold/segments/kna_2019_07_msrt_1978_segment60.wav,mid kasib hi Éir wal…®gxa hutÕ°s ºur qutÕ°s ºur mid ni É ≤Àêijka u íe mid ru îura maÀên,data/Rutul/Gold/kna_2019_07_msrt_1978.TextGrid,@msrt1978_Transcription-txt-rut,80
processed_data/Rutul/Gold/segments/kna_2019_07_msrt_1978_segment61.wav,mi …¢arinenena mid kasibarka dy Åyr Åera d…®x…®r hemid pravitel ≤nitÕ°sajeœáda,data/Rutul/Gold/kna_2019_07_msrt_1978.TextGrid,@msrt1978_Transcription-txt-rut,81
processed_data/Rutul/Gold/segments/kna_2019_07_msrt_1978_segment62.wav,patÕ° Éahaœáda ma madd…® patÕ° Éahaœáda duru îura hajaÀê mi nine a î g…®rgara q…®gara œáulkara  Éuw wu É,data/Rutul/Gold/kna_2019_07_msrt_1978.TextGrid,@msrt1978_Transcription-txt-rut,82
processed_data/Rutul/Gold/segments/kna_2019_07_msrt_1978_segment63.wav,akaz…®vajetÕ°saxa mid patÕ° Éahad patÕ° Éahakla …¢arazdis h…® î…®d patÕ° Éahara œá…®n…®œá ji îijx ∑a,data/Rutul/Gold/kna_2019_07_msrt_1978.TextGrid,@msrt1978_Transcription-txt-rut,84
processed_data/Rutul/Gold/segments/kna_2019_07_msrt_1978_segment64.wav,mi x…®d…®nnowu j…® Å g…®rga mibi Éd…® rodas pazor hi Éij xur,data/Rutul/Gold/kna_2019_07_msrt_1978.TextGrid,@msrt1978_Transcription-txt-rut,85
processed_data/Rutul/Gold/segments/kna_2019_07_msrt_1978_segment65.wav,no  Éuw qil Éirxa mib…®r,data/Rutul/Gold/kna_2019_07_msrt_1978.TextGrid,@msrt1978_Transcription-txt-rut,86
processed_data/Rutul/Gold/segments/kna_2019_07_msrt_1978_segment66.wav,a î ses wa î hanowda x…®rtÕ° É ºinb…®r iles,data/Rutul/Gold/kna_2019_07_msrt_1978.TextGrid,@msrt1978_Transcription-txt-rut,87
processed_data/Rutul/Gold/segments/kna_2019_07_msrt_1978_segment67.wav,haÀêsad  Éiw hi Éirxa xele had gadijes e,data/Rutul/Gold/kna_2019_07_msrt_1978.TextGrid,@msrt1978_Transcription-txt-rut,89
processed_data/Rutul/Gold/segments/kna_2019_07_msrt_1978_segment68.wav,ha gadijes hatÕ°s ºara man misa  Éuw hi Éid i judÕ° í mi gadijes sin eœátiletb…®r ha îara,data/Rutul/Gold/kna_2019_07_msrt_1978.TextGrid,@msrt1978_Transcription-txt-rut,90
processed_data/Rutul/Gold/segments/kna_2019_07_msrt_1978_segment69.wav,wija î q º ∑aÀ§b xib wija î ha œá…®nœá…®d œá…®le,data/Rutul/Gold/kna_2019_07_msrt_1978.TextGrid,@msrt1978_Transcription-txt-rut,92
processed_data/Rutul/Gold/segments/kna_2019_07_msrt_1978_segment70.wav,hajaÀê mid s gada dÕ° íudu dÕ° íus je Éemi É ru îura,data/Rutul/Gold/kna_2019_07_msrt_1978.TextGrid,@msrt1978_Transcription-txt-rut,94
processed_data/Rutul/Gold/segments/kna_2019_07_msrt_1978_segment71.wav,gada dÕ° íudu dÕ° íus je Éemi É ru îura,data/Rutul/Gold/kna_2019_07_msrt_1978.TextGrid,@msrt1978_Transcription-txt-rut,95
processed_data/Rutul/Gold/segments/kna_2019_07_msrt_1978_segment72.wav,minowa nine minow…®s mi eœátilet h…® î…®jne minowa da íe vap É ≤Àêe had nind…® suruœáda g ≤aqa…¢ardi É,data/Rutul/Gold/kna_2019_07_msrt_1978.TextGrid,@msrt1978_Transcription-txt-rut,96
processed_data/Rutul/Gold/segments/kna_2019_07_msrt_1978_segment73.wav,dÕ° íu dÕ° íus œáal ha îara kar ha îara mi babajxa dÕ° íukan r…®g…®rgara,data/Rutul/Gold/kna_2019_07_msrt_1978.TextGrid,@msrt1978_Transcription-txt-rut,98
processed_data/Rutul/Gold/segments/kna_2019_07_msrt_1978_segment74.wav,…¢ari qara îara minowa madd…®,data/Rutul/Gold/kna_2019_07_msrt_1978.TextGrid,@msrt1978_Transcription-txt-rut,100
processed_data/Rutul/Gold/segments/kna_2019_07_msrt_1978_segment75.wav,kulfatb…®r œá…®nimer duru îura mi …¢arijekla hanow…®s judÕ° í u íe q ºaÀ§sa ru îura,data/Rutul/Gold/kna_2019_07_msrt_1978.TextGrid,@msrt1978_Transcription-txt-rut,102
processed_data/Rutul/Gold/segments/kna_2019_07_msrt_1978_segment76.wav,xele mid rigida  Åulida minow…®œáda haÀ§jwan haÀ§ Éarat wuru îurijxa,data/Rutul/Gold/kna_2019_07_msrt_1978.TextGrid,@msrt1978_Transcription-txt-rut,103
processed_data/Rutul/Gold/segments/kna_2019_07_msrt_1978_segment77.wav,sa j…® Åa g ≤a…¢amaxa rigida si jip ºq º…®raxa,data/Rutul/Gold/kna_2019_07_msrt_1978.TextGrid,@msrt1978_Transcription-txt-rut,104
processed_data/Rutul/Gold/segments/kna_2019_07_msrt_1978_segment78.wav,mi si minowa dÕ° íudu œáala prirutÕ° Éat wa îara dama Énijka œáald…®ka,data/Rutul/Gold/kna_2019_07_msrt_1978.TextGrid,@msrt1978_Transcription-txt-rut,105
processed_data/Rutul/Gold/segments/kna_2019_07_msrt_1978_segment79.wav,œáaÀ§r haw…®r mi si hemi sir…®kan nu  Éuw duru îura matÕ° Éœáulatmi É duru îura œá…®nimer dylqera kar ha îara,data/Rutul/Gold/kna_2019_07_msrt_1978.TextGrid,@msrt1978_Transcription-txt-rut,107
processed_data/Rutul/Gold/segments/kna_2019_07_msrt_1978_segment80.wav,sa waœátijexa sa edemi lirxurxa mibi Éiœáda kirxad,data/Rutul/Gold/kna_2019_07_msrt_1978.TextGrid,@msrt1978_Transcription-txt-rut,108
processed_data/Rutul/Gold/segments/kna_2019_07_msrt_1978_segment81.wav,lirxune œáulkara mij  Éuw w…® É ha îar at ºi,data/Rutul/Gold/kna_2019_07_msrt_1978.TextGrid,@msrt1978_Transcription-txt-rut,110
processed_data/Rutul/Gold/segments/kna_2019_07_msrt_1978_segment82.wav,nu mi arije mi edemijes minowd…® œá…®nimer  Åedgyne mi edemijera mi œá…®n…®œá dagul ha îas rux ∑ara,data/Rutul/Gold/kna_2019_07_msrt_1978.TextGrid,@msrt1978_Transcription-txt-rut,112
processed_data/Rutul/Gold/segments/kna_2019_07_msrt_1978_segment83.wav,œá…®n…®œá dagul h…® î…®r œáaq…®ga mi sir…®ra mi edemi jiq ºe ha îara,data/Rutul/Gold/kna_2019_07_msrt_1978.TextGrid,@msrt1978_Transcription-txt-rut,114
processed_data/Rutul/Gold/segments/kna_2019_07_msrt_1978_segment84.wav,edemi jiq ºe h…® î…®r mi sir…®ra œá…®n…®œá leqe Éur mi edemijeda q…®w…®ltÕ°s ºara patÕ° Éahada,data/Rutul/Gold/kna_2019_07_msrt_1978.TextGrid,@msrt1978_Transcription-txt-rut,116
processed_data/Rutul/Gold/segments/kna_2019_07_msrt_1978_segment85.wav,had akaz…®vajetÕ°sa ha edemi julda É i julda É i xur suq ºut ºij rux ∑araxa,data/Rutul/Gold/kna_2019_07_msrt_1978.TextGrid,@msrt1978_Transcription-txt-rut,118
processed_data/Rutul/Gold/segments/kna_2019_07_msrt_1978_segment86.wav,hajila rux ∑ara hanni mi dynjaadi …®À§œádibar  Åadi É,data/Rutul/Gold/kna_2019_07_msrt_1978.TextGrid,@msrt1978_Transcription-txt-rut,120
processed_data/Rutul/Gold/segments/kna_2019_07_msrt_1978_segment87.wav,mi hak…®jedad eœátilet had i,data/Rutul/Gold/kna_2019_07_msrt_1978.TextGrid,@msrt1978_Transcription-txt-rut,122
processed_data/Rutul/Gold/segments/kna_2019_07_msrt_1978_segment88.wav,hal…®s  Éuwna h…®k…®sijden hatÕ°s ºaradi É,data/Rutul/Gold/kna_2019_07_msrt_1978.TextGrid,@msrt1978_Transcription-txt-rut,123
processed_data/Rutul/Gold/segments/kna_2019_07_msrt_1978_segment89.wav,xelekande ha edemi al q ºaÀ§sa ru îura edemi jiq ºera ad…®lgara si babaj w…® É babaj ar…®rgara dolga íiteljnitÕ°sa rurura,data/Rutul/Gold/kna_2019_07_msrt_1978.TextGrid,@msrt1978_Transcription-txt-rut,125
